Campaign,StartDate,EndDate,Salon,Đã sử dụng,,,,,,,,,,,,,,,
(5075) Tôi yêu 30Shine_Giảm ngay 30% SP tối đa 100K Q2 2026,2026-03-31,2026-07-02,10 TP,1,Trải nghiệm Khách hàng,,,,,,,,,,,,,,
(5075) Tôi yêu 30Shine_Giảm ngay 30% SP tối đa 100K Q2 2026,2026-03-31,2026-07-02,103 TN,5,Trải nghiệm Khách hàng,,,,,,,,,,,,,,
(5075) Tôi yêu 30Shine_Giảm ngay 30% SP tối đa 100K Q2 2026,2026-03-31,2026-07-02,1180 QT,3,Trải nghiệm Khách hàng,,,,,,,,,,,,,,
(5075) Tôi yêu 30Shine_Giảm ngay 30% SP tối đa 100K Q2 2026,2026-03-31,2026-07-02,12 LDT,5,Trải nghiệm Khách hàng,,,,,,,,,,,,,,
(5075) Tôi yêu 30Shine_Giảm ngay 30% SP tối đa 100K Q2 2026,2026-03-31,2026-07-02,148 TD,2,Trải nghiệm Khách hàng,,,,,,,,,,,,,,
(5075) Tôi yêu 30Shine_Giảm ngay 30% SP tối đa 100K Q2 2026,2026-03-31,2026-07-02,168 NVC,1,Trải nghiệm Khách hàng,,,,,,,,,,,,,,
(5075) Tôi yêu 30Shine_Giảm ngay 30% SP tối đa 100K Q2 2026,2026-03-31,2026-07-02,190 HB,4,Trải nghiệm Khách hàng,,,,,,,,,,,,,,
(5075) Tôi yêu 30Shine_Giảm ngay 30% SP tối đa 100K Q2 2026,2026-03-31,2026-07-02,341 XVNT,1,Trải nghiệm Khách hàng,,,,,,,,,,,,,,
(5075) Tôi yêu 30Shine_Giảm ngay 30% SP tối đa 100K Q2 2026,2026-03-31,2026-07-02,382 NT,1,Trải nghiệm Khách hàng,,,,,,,,,,,,,,
(5075) Tôi yêu 30Shine_Giảm ngay 30% SP tối đa 100K Q2 2026,2026-03-31,2026-07-02,39 HBT,10,Trải nghiệm Khách hàng,,,,,,,,,,,,,,
(5075) Tôi yêu 30Shine_Giảm ngay 30% SP tối đa 100K Q2 2026,2026-03-31,2026-07-02,483 TN,3,Trải nghiệm Khách hàng,,,,,,,,,,,,,,
(5075) Tôi yêu 30Shine_Giảm ngay 30% SP tối đa 100K Q2 2026,2026-03-31,2026-07-02,50BT4 NPC LD,5,Trải nghiệm Khách hàng,,,,,,,,,,,,,,
(5075) Tôi yêu 30Shine_Giảm ngay 30% SP tối đa 100K Q2 2026,2026-03-31,2026-07-02,575 AC,1,Trải nghiệm Khách hàng,,,,,,,,,,,,,,
(5075) Tôi yêu 30Shine_Giảm ngay 30% SP tối đa 100K Q2 2026,2026-03-31,2026-07-02,62 LH,2,Trải nghiệm Khách hàng,,,,,,,,,,,,,,
(5075) Tôi yêu 30Shine_Giảm ngay 30% SP tối đa 100K Q2 2026,2026-03-31,2026-07-02,76 PVH,1,Trải nghiệm Khách hàng,,,,,,,,,,,,,,
(5075) Tôi yêu 30Shine_Giảm ngay 30% SP tối đa 100K Q2 2026,2026-03-31,2026-07-02,927 HG,1,Trải nghiệm Khách hàng,,,,,,,,,,,,,,
(5075) Tôi yêu 30Shine_Giảm ngay 30% SP tối đa 100K Q2 2026,2026-03-31,2026-07-02,99 TSN,1,Trải nghiệm Khách hàng,,,,,,,,,,,,,,
(5065) TẶNG ANH ƯU ĐÃI 30K - Ưu đãi riêng cho khách hàng 151 Cầu Giấy,2026-03-24,2026-04-19,109 TQH,4,Salon,,,,,,,,,,,,,,
(5065) TẶNG ANH ƯU ĐÃI 30K - Ưu đãi riêng cho khách hàng 151 Cầu Giấy,2026-03-24,2026-04-19,116 TK,2,Salon,,,,,,,,,,,,,,
(5056) 927 HG - Sáp Teatrea giảm 50%,2026-03-20,2026-03-31,927 HG,7,Clearstock,,,,,,,,,,,,,,
(5057) 236 DBT - Tặng khách TPCN - Nước uống năng lượng không đường Dmaxx Red Energy Formular,2026-03-20,2026-03-31,236 DBT,1,Clearstock,,,,,,,,,,,,,,
(5048) Code 8% Dịch vụ,2026-03-14,2026-04-30,10 TP,2,Xử lý sự cố,,,,,,,,,,,,,,
(5048) Code 8% Dịch vụ,2026-03-14,2026-04-30,109 TQH,2,Xử lý sự cố,,,,,,,,,,,,,,
(5048) Code 8% Dịch vụ,2026-03-14,2026-04-30,264 LLQ,1,Xử lý sự cố,,,,,,,,,,,,,,
(5048) Code 8% Dịch vụ,2026-03-14,2026-04-30,363 LNQ TN,9,Xử lý sự cố,,,,,,,,,,,,,,
(5048) Code 8% Dịch vụ,2026-03-14,2026-04-30,39 HBT,4,Xử lý sự cố,,,,,,,,,,,,,,
(5048) Code 8% Dịch vụ,2026-03-14,2026-04-30,451 PVT,7,Xử lý sự cố,,,,,,,,,,,,,,
(5048) Code 8% Dịch vụ,2026-03-14,2026-04-30,595 BT TH,1,Xử lý sự cố,,,,,,,,,,,,,,
(5049) Code 12% dịch vụ 2026,2026-03-14,2026-04-30,10 TP,1,Xử lý sự cố,,,,,,,,,,,,,,
(5049) Code 12% dịch vụ 2026,2026-03-14,2026-04-30,363 LNQ TN,2,Xử lý sự cố,,,,,,,,,,,,,,
(5049) Code 12% dịch vụ 2026,2026-03-14,2026-04-30,39 HBT,7,Xử lý sự cố,,,,,,,,,,,,,,
(5049) Code 12% dịch vụ 2026,2026-03-14,2026-04-30,595 BT TH,1,Xử lý sự cố,,,,,,,,,,,,,,
(5046) Giảm 50% sản phẩm date 4-9T,2026-03-11,2026-03-31,11 PKT,1,Clearstock,,,,,,,,,,,,,,
(5046) Giảm 50% sản phẩm date 4-9T,2026-03-11,2026-03-31,25 TD,1,Clearstock,,,,,,,,,,,,,,
(5047) Laborie - Combo 2 Dầu gội Laborie bất kỳ giá 421k (Trừ dầu gội tím),2026-03-11,2026-04-30,10 TP,5,CTKM Tháng 3,,,,,,,,,,,,,,
(5047) Laborie - Combo 2 Dầu gội Laborie bất kỳ giá 421k (Trừ dầu gội tím),2026-03-11,2026-04-30,1180 QT,4,CTKM Tháng 3,,,,,,,,,,,,,,
(5047) Laborie - Combo 2 Dầu gội Laborie bất kỳ giá 421k (Trừ dầu gội tím),2026-03-11,2026-04-30,145 THT,2,CTKM Tháng 3,,,,,,,,,,,,,,
(5047) Laborie - Combo 2 Dầu gội Laborie bất kỳ giá 421k (Trừ dầu gội tím),2026-03-11,2026-04-30,190 HB,3,CTKM Tháng 3,,,,,,,,,,,,,,
(5047) Laborie - Combo 2 Dầu gội Laborie bất kỳ giá 421k (Trừ dầu gội tím),2026-03-11,2026-04-30,29 HB,2,CTKM Tháng 3,,,,,,,,,,,,,,
(5047) Laborie - Combo 2 Dầu gội Laborie bất kỳ giá 421k (Trừ dầu gội tím),2026-03-11,2026-04-30,290 QT TH,8,CTKM Tháng 3,,,,,,,,,,,,,,
(5047) Laborie - Combo 2 Dầu gội Laborie bất kỳ giá 421k (Trừ dầu gội tím),2026-03-11,2026-04-30,32 NAT,1,CTKM Tháng 3,,,,,,,,,,,,,,
(5047) Laborie - Combo 2 Dầu gội Laborie bất kỳ giá 421k (Trừ dầu gội tím),2026-03-11,2026-04-30,346 KT,3,CTKM Tháng 3,,,,,,,,,,,,,,
(5047) Laborie - Combo 2 Dầu gội Laborie bất kỳ giá 421k (Trừ dầu gội tím),2026-03-11,2026-04-30,363 LNQ TN,1,CTKM Tháng 3,,,,,,,,,,,,,,
(5047) Laborie - Combo 2 Dầu gội Laborie bất kỳ giá 421k (Trừ dầu gội tím),2026-03-11,2026-04-30,401/1 NDT,2,CTKM Tháng 3,,,,,,,,,,,,,,
(5047) Laborie - Combo 2 Dầu gội Laborie bất kỳ giá 421k (Trừ dầu gội tím),2026-03-11,2026-04-30,575 AC,6,CTKM Tháng 3,,,,,,,,,,,,,,
(5047) Laborie - Combo 2 Dầu gội Laborie bất kỳ giá 421k (Trừ dầu gội tím),2026-03-11,2026-04-30,80 PL BD,3,CTKM Tháng 3,,,,,,,,,,,,,,
(5047) Laborie - Combo 2 Dầu gội Laborie bất kỳ giá 421k (Trừ dầu gội tím),2026-03-11,2026-04-30,927 HG,1,CTKM Tháng 3,,,,,,,,,,,,,,
(5043) [Khách trên 6 tháng quay lại] Ưu đãi Giảm giá thẻ - 4637 [Thẻ giảm 50k cho 3 lần tiếp theo],2026-03-10,2027-05-31,113 THD AG,19,Marketing,,,,,,,,,,,,,,
(5043) [Khách trên 6 tháng quay lại] Ưu đãi Giảm giá thẻ - 4637 [Thẻ giảm 50k cho 3 lần tiếp theo],2026-03-10,2027-05-31,1146 KVC,2,Marketing,,,,,,,,,,,,,,
(5043) [Khách trên 6 tháng quay lại] Ưu đãi Giảm giá thẻ - 4637 [Thẻ giảm 50k cho 3 lần tiếp theo],2026-03-10,2027-05-31,1180 QT,1,Marketing,,,,,,,,,,,,,,
(5043) [Khách trên 6 tháng quay lại] Ưu đãi Giảm giá thẻ - 4637 [Thẻ giảm 50k cho 3 lần tiếp theo],2026-03-10,2027-05-31,12 LDT,1,Marketing,,,,,,,,,,,,,,
(5043) [Khách trên 6 tháng quay lại] Ưu đãi Giảm giá thẻ - 4637 [Thẻ giảm 50k cho 3 lần tiếp theo],2026-03-10,2027-05-31,148 TD,8,Marketing,,,,,,,,,,,,,,
(5043) [Khách trên 6 tháng quay lại] Ưu đãi Giảm giá thẻ - 4637 [Thẻ giảm 50k cho 3 lần tiếp theo],2026-03-10,2027-05-31,25 TD,2,Marketing,,,,,,,,,,,,,,
(5043) [Khách trên 6 tháng quay lại] Ưu đãi Giảm giá thẻ - 4637 [Thẻ giảm 50k cho 3 lần tiếp theo],2026-03-10,2027-05-31,29 HB,8,Marketing,,,,,,,,,,,,,,
(5043) [Khách trên 6 tháng quay lại] Ưu đãi Giảm giá thẻ - 4637 [Thẻ giảm 50k cho 3 lần tiếp theo],2026-03-10,2027-05-31,304 NT TH,2,Marketing,,,,,,,,,,,,,,
(5043) [Khách trên 6 tháng quay lại] Ưu đãi Giảm giá thẻ - 4637 [Thẻ giảm 50k cho 3 lần tiếp theo],2026-03-10,2027-05-31,36 N1 BD,2,Marketing,,,,,,,,,,,,,,
(5043) [Khách trên 6 tháng quay lại] Ưu đãi Giảm giá thẻ - 4637 [Thẻ giảm 50k cho 3 lần tiếp theo],2026-03-10,2027-05-31,401/1 NDT,1,Marketing,,,,,,,,,,,,,,
(5043) [Khách trên 6 tháng quay lại] Ưu đãi Giảm giá thẻ - 4637 [Thẻ giảm 50k cho 3 lần tiếp theo],2026-03-10,2027-05-31,451 PVT,4,Marketing,,,,,,,,,,,,,,
(5043) [Khách trên 6 tháng quay lại] Ưu đãi Giảm giá thẻ - 4637 [Thẻ giảm 50k cho 3 lần tiếp theo],2026-03-10,2027-05-31,483 TN,1,Marketing,,,,,,,,,,,,,,
(5044) Tặng gội free lột mụn giảm 100%,2026-03-10,2027-05-31,32 NAT,34,Salon,,,,,,,,,,,,,,
(5040) Combo Dầu gội Laborie tím + Dầu xả Laborie 513k,2026-03-06,2026-03-06,109 TQH,1,CTKM Tháng 3,,,,,,,,,,,,,,
"(5041) KH sử dụng Combo 3, 4, Uốn, Nhuộm, bill từ 500k tặng tinh dầu Arren date ngắn",2026-03-06,2026-04-10,10 TP,32,Clearstock,,,,,,,,,,,,,,
"(5041) KH sử dụng Combo 3, 4, Uốn, Nhuộm, bill từ 500k tặng tinh dầu Arren date ngắn",2026-03-06,2026-04-10,103 TN,33,Clearstock,,,,,,,,,,,,,,
"(5041) KH sử dụng Combo 3, 4, Uốn, Nhuộm, bill từ 500k tặng tinh dầu Arren date ngắn",2026-03-06,2026-04-10,109 TQH,5,Clearstock,,,,,,,,,,,,,,
"(5041) KH sử dụng Combo 3, 4, Uốn, Nhuộm, bill từ 500k tặng tinh dầu Arren date ngắn",2026-03-06,2026-04-10,11 PKT,4,Clearstock,,,,,,,,,,,,,,
"(5041) KH sử dụng Combo 3, 4, Uốn, Nhuộm, bill từ 500k tặng tinh dầu Arren date ngắn",2026-03-06,2026-04-10,116 TK,13,Clearstock,,,,,,,,,,,,,,
"(5041) KH sử dụng Combo 3, 4, Uốn, Nhuộm, bill từ 500k tặng tinh dầu Arren date ngắn",2026-03-06,2026-04-10,1180 QT,57,Clearstock,,,,,,,,,,,,,,
"(5041) KH sử dụng Combo 3, 4, Uốn, Nhuộm, bill từ 500k tặng tinh dầu Arren date ngắn",2026-03-06,2026-04-10,12 LDT,5,Clearstock,,,,,,,,,,,,,,
"(5041) KH sử dụng Combo 3, 4, Uốn, Nhuộm, bill từ 500k tặng tinh dầu Arren date ngắn",2026-03-06,2026-04-10,168 NVC,78,Clearstock,,,,,,,,,,,,,,
"(5041) KH sử dụng Combo 3, 4, Uốn, Nhuộm, bill từ 500k tặng tinh dầu Arren date ngắn",2026-03-06,2026-04-10,186 QT,13,Clearstock,,,,,,,,,,,,,,
"(5041) KH sử dụng Combo 3, 4, Uốn, Nhuộm, bill từ 500k tặng tinh dầu Arren date ngắn",2026-03-06,2026-04-10,190 HB,2,Clearstock,,,,,,,,,,,,,,
"(5041) KH sử dụng Combo 3, 4, Uốn, Nhuộm, bill từ 500k tặng tinh dầu Arren date ngắn",2026-03-06,2026-04-10,202 DC,2,Clearstock,,,,,,,,,,,,,,
"(5041) KH sử dụng Combo 3, 4, Uốn, Nhuộm, bill từ 500k tặng tinh dầu Arren date ngắn",2026-03-06,2026-04-10,25 TD,105,Clearstock,,,,,,,,,,,,,,
"(5041) KH sử dụng Combo 3, 4, Uốn, Nhuộm, bill từ 500k tặng tinh dầu Arren date ngắn",2026-03-06,2026-04-10,255 NAN,10,Clearstock,,,,,,,,,,,,,,
"(5041) KH sử dụng Combo 3, 4, Uốn, Nhuộm, bill từ 500k tặng tinh dầu Arren date ngắn",2026-03-06,2026-04-10,264 LLQ,1,Clearstock,,,,,,,,,,,,,,
"(5041) KH sử dụng Combo 3, 4, Uốn, Nhuộm, bill từ 500k tặng tinh dầu Arren date ngắn",2026-03-06,2026-04-10,29 HB,1,Clearstock,,,,,,,,,,,,,,
"(5041) KH sử dụng Combo 3, 4, Uốn, Nhuộm, bill từ 500k tặng tinh dầu Arren date ngắn",2026-03-06,2026-04-10,312 LVS,19,Clearstock,,,,,,,,,,,,,,
"(5041) KH sử dụng Combo 3, 4, Uốn, Nhuộm, bill từ 500k tặng tinh dầu Arren date ngắn",2026-03-06,2026-04-10,32 NAT,27,Clearstock,,,,,,,,,,,,,,
"(5041) KH sử dụng Combo 3, 4, Uốn, Nhuộm, bill từ 500k tặng tinh dầu Arren date ngắn",2026-03-06,2026-04-10,341 XVNT,6,Clearstock,,,,,,,,,,,,,,
"(5041) KH sử dụng Combo 3, 4, Uốn, Nhuộm, bill từ 500k tặng tinh dầu Arren date ngắn",2026-03-06,2026-04-10,346 KT,12,Clearstock,,,,,,,,,,,,,,
"(5041) KH sử dụng Combo 3, 4, Uốn, Nhuộm, bill từ 500k tặng tinh dầu Arren date ngắn",2026-03-06,2026-04-10,362 NGT BN,23,Clearstock,,,,,,,,,,,,,,
"(5041) KH sử dụng Combo 3, 4, Uốn, Nhuộm, bill từ 500k tặng tinh dầu Arren date ngắn",2026-03-06,2026-04-10,382 NT,19,Clearstock,,,,,,,,,,,,,,
"(5041) KH sử dụng Combo 3, 4, Uốn, Nhuộm, bill từ 500k tặng tinh dầu Arren date ngắn",2026-03-06,2026-04-10,401/1 NDT,8,Clearstock,,,,,,,,,,,,,,
"(5041) KH sử dụng Combo 3, 4, Uốn, Nhuộm, bill từ 500k tặng tinh dầu Arren date ngắn",2026-03-06,2026-04-10,420 HTP,20,Clearstock,,,,,,,,,,,,,,
"(5041) KH sử dụng Combo 3, 4, Uốn, Nhuộm, bill từ 500k tặng tinh dầu Arren date ngắn",2026-03-06,2026-04-10,483 TN,4,Clearstock,,,,,,,,,,,,,,
"(5041) KH sử dụng Combo 3, 4, Uốn, Nhuộm, bill từ 500k tặng tinh dầu Arren date ngắn",2026-03-06,2026-04-10,50BT4 NPC LD,9,Clearstock,,,,,,,,,,,,,,
"(5041) KH sử dụng Combo 3, 4, Uốn, Nhuộm, bill từ 500k tặng tinh dầu Arren date ngắn",2026-03-06,2026-04-10,55A NVL,6,Clearstock,,,,,,,,,,,,,,
"(5041) KH sử dụng Combo 3, 4, Uốn, Nhuộm, bill từ 500k tặng tinh dầu Arren date ngắn",2026-03-06,2026-04-10,575 AC,72,Clearstock,,,,,,,,,,,,,,
"(5041) KH sử dụng Combo 3, 4, Uốn, Nhuộm, bill từ 500k tặng tinh dầu Arren date ngắn",2026-03-06,2026-04-10,62 LH,4,Clearstock,,,,,,,,,,,,,,
"(5041) KH sử dụng Combo 3, 4, Uốn, Nhuộm, bill từ 500k tặng tinh dầu Arren date ngắn",2026-03-06,2026-04-10,65 CD,2,Clearstock,,,,,,,,,,,,,,
"(5041) KH sử dụng Combo 3, 4, Uốn, Nhuộm, bill từ 500k tặng tinh dầu Arren date ngắn",2026-03-06,2026-04-10,708 LTT,1,Clearstock,,,,,,,,,,,,,,
"(5041) KH sử dụng Combo 3, 4, Uốn, Nhuộm, bill từ 500k tặng tinh dầu Arren date ngắn",2026-03-06,2026-04-10,76 PVH,5,Clearstock,,,,,,,,,,,,,,
"(5041) KH sử dụng Combo 3, 4, Uốn, Nhuộm, bill từ 500k tặng tinh dầu Arren date ngắn",2026-03-06,2026-04-10,80 PL BD,4,Clearstock,,,,,,,,,,,,,,
"(5041) KH sử dụng Combo 3, 4, Uốn, Nhuộm, bill từ 500k tặng tinh dầu Arren date ngắn",2026-03-06,2026-04-10,90 NH,4,Clearstock,,,,,,,,,,,,,,
"(5041) KH sử dụng Combo 3, 4, Uốn, Nhuộm, bill từ 500k tặng tinh dầu Arren date ngắn",2026-03-06,2026-04-10,927 HG,89,Clearstock,,,,,,,,,,,,,,
"(5041) KH sử dụng Combo 3, 4, Uốn, Nhuộm, bill từ 500k tặng tinh dầu Arren date ngắn",2026-03-06,2026-04-10,99 TSN,16,Clearstock,,,,,,,,,,,,,,
(5035) Laborie - Mua Combo Dầu Xả + Dầu Gội bất kì tặng Serum phục hồi cấu trúc tóc 30ml,2026-03-04,2026-03-31,29 HB,3,CTKM Tháng 3,,,,,,,,,,,,,,
(5035) Laborie - Mua Combo Dầu Xả + Dầu Gội bất kì tặng Serum phục hồi cấu trúc tóc 30ml,2026-03-04,2026-03-31,39 HBT,4,CTKM Tháng 3,,,,,,,,,,,,,,
(5035) Laborie - Mua Combo Dầu Xả + Dầu Gội bất kì tặng Serum phục hồi cấu trúc tóc 30ml,2026-03-04,2026-03-31,401/1 NDT,1,CTKM Tháng 3,,,,,,,,,,,,,,
(5036) Laborie - Combo Dầu gội Laborie bất kỳ + Dầu xả giá 421K,2026-03-04,2026-04-30,10 TP,3,CTKM Tháng 3,,,,,,,,,,,,,,
(5036) Laborie - Combo Dầu gội Laborie bất kỳ + Dầu xả giá 421K,2026-03-04,2026-04-30,103 TN,9,CTKM Tháng 3,,,,,,,,,,,,,,
(5036) Laborie - Combo Dầu gội Laborie bất kỳ + Dầu xả giá 421K,2026-03-04,2026-04-30,109 TQH,1,CTKM Tháng 3,,,,,,,,,,,,,,
(5036) Laborie - Combo Dầu gội Laborie bất kỳ + Dầu xả giá 421K,2026-03-04,2026-04-30,1146 KVC,2,CTKM Tháng 3,,,,,,,,,,,,,,
(5036) Laborie - Combo Dầu gội Laborie bất kỳ + Dầu xả giá 421K,2026-03-04,2026-04-30,1180 QT,4,CTKM Tháng 3,,,,,,,,,,,,,,
(5036) Laborie - Combo Dầu gội Laborie bất kỳ + Dầu xả giá 421K,2026-03-04,2026-04-30,145 THT,16,CTKM Tháng 3,,,,,,,,,,,,,,
(5036) Laborie - Combo Dầu gội Laborie bất kỳ + Dầu xả giá 421K,2026-03-04,2026-04-30,168 NVC,3,CTKM Tháng 3,,,,,,,,,,,,,,
(5036) Laborie - Combo Dầu gội Laborie bất kỳ + Dầu xả giá 421K,2026-03-04,2026-04-30,186 QT,1,CTKM Tháng 3,,,,,,,,,,,,,,
(5036) Laborie - Combo Dầu gội Laborie bất kỳ + Dầu xả giá 421K,2026-03-04,2026-04-30,202 DC,1,CTKM Tháng 3,,,,,,,,,,,,,,
(5036) Laborie - Combo Dầu gội Laborie bất kỳ + Dầu xả giá 421K,2026-03-04,2026-04-30,25 TD,1,CTKM Tháng 3,,,,,,,,,,,,,,
(5036) Laborie - Combo Dầu gội Laborie bất kỳ + Dầu xả giá 421K,2026-03-04,2026-04-30,255 NAN,1,CTKM Tháng 3,,,,,,,,,,,,,,
(5036) Laborie - Combo Dầu gội Laborie bất kỳ + Dầu xả giá 421K,2026-03-04,2026-04-30,264 LLQ,3,CTKM Tháng 3,,,,,,,,,,,,,,
(5036) Laborie - Combo Dầu gội Laborie bất kỳ + Dầu xả giá 421K,2026-03-04,2026-04-30,29 HB,6,CTKM Tháng 3,,,,,,,,,,,,,,
(5036) Laborie - Combo Dầu gội Laborie bất kỳ + Dầu xả giá 421K,2026-03-04,2026-04-30,32 NAT,1,CTKM Tháng 3,,,,,,,,,,,,,,
(5036) Laborie - Combo Dầu gội Laborie bất kỳ + Dầu xả giá 421K,2026-03-04,2026-04-30,341 XVNT,1,CTKM Tháng 3,,,,,,,,,,,,,,
(5036) Laborie - Combo Dầu gội Laborie bất kỳ + Dầu xả giá 421K,2026-03-04,2026-04-30,346 KT,2,CTKM Tháng 3,,,,,,,,,,,,,,
(5036) Laborie - Combo Dầu gội Laborie bất kỳ + Dầu xả giá 421K,2026-03-04,2026-04-30,363 LNQ TN,1,CTKM Tháng 3,,,,,,,,,,,,,,
(5036) Laborie - Combo Dầu gội Laborie bất kỳ + Dầu xả giá 421K,2026-03-04,2026-04-30,382 NT,3,CTKM Tháng 3,,,,,,,,,,,,,,
(5036) Laborie - Combo Dầu gội Laborie bất kỳ + Dầu xả giá 421K,2026-03-04,2026-04-30,39 HBT,4,CTKM Tháng 3,,,,,,,,,,,,,,
(5036) Laborie - Combo Dầu gội Laborie bất kỳ + Dầu xả giá 421K,2026-03-04,2026-04-30,401/1 NDT,1,CTKM Tháng 3,,,,,,,,,,,,,,
(5036) Laborie - Combo Dầu gội Laborie bất kỳ + Dầu xả giá 421K,2026-03-04,2026-04-30,420 HTP,1,CTKM Tháng 3,,,,,,,,,,,,,,
(5036) Laborie - Combo Dầu gội Laborie bất kỳ + Dầu xả giá 421K,2026-03-04,2026-04-30,50BT4 NPC LD,3,CTKM Tháng 3,,,,,,,,,,,,,,
(5036) Laborie - Combo Dầu gội Laborie bất kỳ + Dầu xả giá 421K,2026-03-04,2026-04-30,575 AC,13,CTKM Tháng 3,,,,,,,,,,,,,,
(5036) Laborie - Combo Dầu gội Laborie bất kỳ + Dầu xả giá 421K,2026-03-04,2026-04-30,62 LH,1,CTKM Tháng 3,,,,,,,,,,,,,,
(5036) Laborie - Combo Dầu gội Laborie bất kỳ + Dầu xả giá 421K,2026-03-04,2026-04-30,76 PVH,1,CTKM Tháng 3,,,,,,,,,,,,,,
(5036) Laborie - Combo Dầu gội Laborie bất kỳ + Dầu xả giá 421K,2026-03-04,2026-04-30,927 HG,3,CTKM Tháng 3,,,,,,,,,,,,,,
"(5037) Mua Máy sấy bất kì tặng Tinh dầu dưỡng tóc Arren, Tinh dầu ATS",2026-03-04,2026-03-31,10 TP,1,CTKM Tháng 3,,,,,,,,,,,,,,
"(5037) Mua Máy sấy bất kì tặng Tinh dầu dưỡng tóc Arren, Tinh dầu ATS",2026-03-04,2026-03-31,109 TQH,2,CTKM Tháng 3,,,,,,,,,,,,,,
"(5037) Mua Máy sấy bất kì tặng Tinh dầu dưỡng tóc Arren, Tinh dầu ATS",2026-03-04,2026-03-31,1180 QT,1,CTKM Tháng 3,,,,,,,,,,,,,,
"(5037) Mua Máy sấy bất kì tặng Tinh dầu dưỡng tóc Arren, Tinh dầu ATS",2026-03-04,2026-03-31,145 THT,1,CTKM Tháng 3,,,,,,,,,,,,,,
"(5037) Mua Máy sấy bất kì tặng Tinh dầu dưỡng tóc Arren, Tinh dầu ATS",2026-03-04,2026-03-31,32 NAT,1,CTKM Tháng 3,,,,,,,,,,,,,,
"(5037) Mua Máy sấy bất kì tặng Tinh dầu dưỡng tóc Arren, Tinh dầu ATS",2026-03-04,2026-03-31,363 LNQ TN,1,CTKM Tháng 3,,,,,,,,,,,,,,
"(5037) Mua Máy sấy bất kì tặng Tinh dầu dưỡng tóc Arren, Tinh dầu ATS",2026-03-04,2026-03-31,382 NT,1,CTKM Tháng 3,,,,,,,,,,,,,,
"(5037) Mua Máy sấy bất kì tặng Tinh dầu dưỡng tóc Arren, Tinh dầu ATS",2026-03-04,2026-03-31,483 TN,1,CTKM Tháng 3,,,,,,,,,,,,,,
"(5037) Mua Máy sấy bất kì tặng Tinh dầu dưỡng tóc Arren, Tinh dầu ATS",2026-03-04,2026-03-31,50BT4 NPC LD,2,CTKM Tháng 3,,,,,,,,,,,,,,
"(5037) Mua Máy sấy bất kì tặng Tinh dầu dưỡng tóc Arren, Tinh dầu ATS",2026-03-04,2026-03-31,575 AC,3,CTKM Tháng 3,,,,,,,,,,,,,,
"(5037) Mua Máy sấy bất kì tặng Tinh dầu dưỡng tóc Arren, Tinh dầu ATS",2026-03-04,2026-03-31,62 LH,1,CTKM Tháng 3,,,,,,,,,,,,,,
"(5037) Mua Máy sấy bất kì tặng Tinh dầu dưỡng tóc Arren, Tinh dầu ATS",2026-03-04,2026-03-31,927 HG,1,CTKM Tháng 3,,,,,,,,,,,,,,
(5034) CT Biotopcare date <6T,2026-03-02,2026-03-11,290 QT TH,2,Salon,,,,,,,,,,,,,,
(4956) Mua sáp Glanzen tặng xịt dưỡng Glanzen,2026-02-07,2026-03-31,109 TQH,2,Salon,,,,,,,,,,,,,,
(4955) MKT T1 VOUCHER 150K DỊCH VỤ,2026-02-06,2026-04-30,236 DBT,7,Marketing,,,,,,,,,,,,,,
(4955) MKT T1 VOUCHER 150K DỊCH VỤ,2026-02-06,2026-04-30,382 NT,1,Marketing,,,,,,,,,,,,,,
(4759) Ưu đãi Khách VVIP 2026,2026-01-22,2027-02-28,202 DC,8,Member,,,,,,,,,,,,,,
(4759) Ưu đãi Khách VVIP 2026,2026-01-22,2027-02-28,264 LLQ,2,Member,,,,,,,,,,,,,,
(4759) Ưu đãi Khách VVIP 2026,2026-01-22,2027-02-28,346 KT,1,Member,,,,,,,,,,,,,,
(4759) Ưu đãi Khách VVIP 2026,2026-01-22,2027-02-28,382 NT,1,Member,,,,,,,,,,,,,,
(4760) Free 12 lần cắt (SC2) năm 2026_Khách VIP,2026-01-22,2027-02-28,103 TN,2,Member,,,,,,,,,,,,,,
(4754) Giảm 100% Shine Combo cho đối tác THEANH28,2026-01-14,2026-03-31,55A NVL,3,Marketing,,,,,,,,,,,,,,
(4729) Tôi yêu 30Shine_Giảm 30% all dịch vụ Q1 2026 - 30Shine,2025-12-30,2026-03-31,10 TP,23,Trải nghiệm Khách hàng,,,,,,,,,,,,,,
(4729) Tôi yêu 30Shine_Giảm 30% all dịch vụ Q1 2026 - 30Shine,2025-12-30,2026-03-31,12 LDT,1,Trải nghiệm Khách hàng,,,,,,,,,,,,,,
(4729) Tôi yêu 30Shine_Giảm 30% all dịch vụ Q1 2026 - 30Shine,2025-12-30,2026-03-31,148 TD,4,Trải nghiệm Khách hàng,,,,,,,,,,,,,,
(4729) Tôi yêu 30Shine_Giảm 30% all dịch vụ Q1 2026 - 30Shine,2025-12-30,2026-03-31,173 TN,1,Trải nghiệm Khách hàng,,,,,,,,,,,,,,
(4729) Tôi yêu 30Shine_Giảm 30% all dịch vụ Q1 2026 - 30Shine,2025-12-30,2026-03-31,186 QT,1,Trải nghiệm Khách hàng,,,,,,,,,,,,,,
(4729) Tôi yêu 30Shine_Giảm 30% all dịch vụ Q1 2026 - 30Shine,2025-12-30,2026-03-31,190 HB,1,Trải nghiệm Khách hàng,,,,,,,,,,,,,,
(4729) Tôi yêu 30Shine_Giảm 30% all dịch vụ Q1 2026 - 30Shine,2025-12-30,2026-03-31,202 DC,2,Trải nghiệm Khách hàng,,,,,,,,,,,,,,
(4729) Tôi yêu 30Shine_Giảm 30% all dịch vụ Q1 2026 - 30Shine,2025-12-30,2026-03-31,236 DBT,4,Trải nghiệm Khách hàng,,,,,,,,,,,,,,
(4729) Tôi yêu 30Shine_Giảm 30% all dịch vụ Q1 2026 - 30Shine,2025-12-30,2026-03-31,237 NTT,2,Trải nghiệm Khách hàng,,,,,,,,,,,,,,
(4729) Tôi yêu 30Shine_Giảm 30% all dịch vụ Q1 2026 - 30Shine,2025-12-30,2026-03-31,264 LLQ,1,Trải nghiệm Khách hàng,,,,,,,,,,,,,,
(4729) Tôi yêu 30Shine_Giảm 30% all dịch vụ Q1 2026 - 30Shine,2025-12-30,2026-03-31,29 HB,1,Trải nghiệm Khách hàng,,,,,,,,,,,,,,
(4729) Tôi yêu 30Shine_Giảm 30% all dịch vụ Q1 2026 - 30Shine,2025-12-30,2026-03-31,290 QT TH,1,Trải nghiệm Khách hàng,,,,,,,,,,,,,,
(4729) Tôi yêu 30Shine_Giảm 30% all dịch vụ Q1 2026 - 30Shine,2025-12-30,2026-03-31,341 XVNT,1,Trải nghiệm Khách hàng,,,,,,,,,,,,,,
(4729) Tôi yêu 30Shine_Giảm 30% all dịch vụ Q1 2026 - 30Shine,2025-12-30,2026-03-31,362 NGT BN,1,Trải nghiệm Khách hàng,,,,,,,,,,,,,,
(4729) Tôi yêu 30Shine_Giảm 30% all dịch vụ Q1 2026 - 30Shine,2025-12-30,2026-03-31,363 LNQ TN,2,Trải nghiệm Khách hàng,,,,,,,,,,,,,,
(4729) Tôi yêu 30Shine_Giảm 30% all dịch vụ Q1 2026 - 30Shine,2025-12-30,2026-03-31,382 NT,5,Trải nghiệm Khách hàng,,,,,,,,,,,,,,
(4729) Tôi yêu 30Shine_Giảm 30% all dịch vụ Q1 2026 - 30Shine,2025-12-30,2026-03-31,4 LQD BN,2,Trải nghiệm Khách hàng,,,,,,,,,,,,,,
(4729) Tôi yêu 30Shine_Giảm 30% all dịch vụ Q1 2026 - 30Shine,2025-12-30,2026-03-31,50BT4 NPC LD,3,Trải nghiệm Khách hàng,,,,,,,,,,,,,,
(4729) Tôi yêu 30Shine_Giảm 30% all dịch vụ Q1 2026 - 30Shine,2025-12-30,2026-03-31,55A NVL,6,Trải nghiệm Khách hàng,,,,,,,,,,,,,,
(4729) Tôi yêu 30Shine_Giảm 30% all dịch vụ Q1 2026 - 30Shine,2025-12-30,2026-03-31,62 LH,1,Trải nghiệm Khách hàng,,,,,,,,,,,,,,
(4729) Tôi yêu 30Shine_Giảm 30% all dịch vụ Q1 2026 - 30Shine,2025-12-30,2026-03-31,730 TL10,1,Trải nghiệm Khách hàng,,,,,,,,,,,,,,
(4729) Tôi yêu 30Shine_Giảm 30% all dịch vụ Q1 2026 - 30Shine,2025-12-30,2026-03-31,76 PVH,1,Trải nghiệm Khách hàng,,,,,,,,,,,,,,
(4729) Tôi yêu 30Shine_Giảm 30% all dịch vụ Q1 2026 - 30Shine,2025-12-30,2026-03-31,927 HG,6,Trải nghiệm Khách hàng,,,,,,,,,,,,,,
(4731) Tôi yêu 30Shine_Giảm ngay 30% SP tối đa 100K Q1 2026,2025-12-30,2026-03-31,10 TP,22,Trải nghiệm Khách hàng,,,,,,,,,,,,,,
(4731) Tôi yêu 30Shine_Giảm ngay 30% SP tối đa 100K Q1 2026,2025-12-30,2026-03-31,103 TN,17,Trải nghiệm Khách hàng,,,,,,,,,,,,,,
(4731) Tôi yêu 30Shine_Giảm ngay 30% SP tối đa 100K Q1 2026,2025-12-30,2026-03-31,109 TQH,1,Trải nghiệm Khách hàng,,,,,,,,,,,,,,
(4731) Tôi yêu 30Shine_Giảm ngay 30% SP tối đa 100K Q1 2026,2025-12-30,2026-03-31,116 TK,4,Trải nghiệm Khách hàng,,,,,,,,,,,,,,
(4731) Tôi yêu 30Shine_Giảm ngay 30% SP tối đa 100K Q1 2026,2025-12-30,2026-03-31,1180 QT,8,Trải nghiệm Khách hàng,,,,,,,,,,,,,,
(4731) Tôi yêu 30Shine_Giảm ngay 30% SP tối đa 100K Q1 2026,2025-12-30,2026-03-31,12 LDT,5,Trải nghiệm Khách hàng,,,,,,,,,,,,,,
(4731) Tôi yêu 30Shine_Giảm ngay 30% SP tối đa 100K Q1 2026,2025-12-30,2026-03-31,145 THT,14,Trải nghiệm Khách hàng,,,,,,,,,,,,,,
(4731) Tôi yêu 30Shine_Giảm ngay 30% SP tối đa 100K Q1 2026,2025-12-30,2026-03-31,148 TD,5,Trải nghiệm Khách hàng,,,,,,,,,,,,,,
(4731) Tôi yêu 30Shine_Giảm ngay 30% SP tối đa 100K Q1 2026,2025-12-30,2026-03-31,168 NVC,1,Trải nghiệm Khách hàng,,,,,,,,,,,,,,
(4731) Tôi yêu 30Shine_Giảm ngay 30% SP tối đa 100K Q1 2026,2025-12-30,2026-03-31,173 TN,8,Trải nghiệm Khách hàng,,,,,,,,,,,,,,
(4731) Tôi yêu 30Shine_Giảm ngay 30% SP tối đa 100K Q1 2026,2025-12-30,2026-03-31,186 DTH,3,Trải nghiệm Khách hàng,,,,,,,,,,,,,,
(4731) Tôi yêu 30Shine_Giảm ngay 30% SP tối đa 100K Q1 2026,2025-12-30,2026-03-31,190 HB,5,Trải nghiệm Khách hàng,,,,,,,,,,,,,,
(4731) Tôi yêu 30Shine_Giảm ngay 30% SP tối đa 100K Q1 2026,2025-12-30,2026-03-31,236 DBT,8,Trải nghiệm Khách hàng,,,,,,,,,,,,,,
(4731) Tôi yêu 30Shine_Giảm ngay 30% SP tối đa 100K Q1 2026,2025-12-30,2026-03-31,25 TD,5,Trải nghiệm Khách hàng,,,,,,,,,,,,,,
(4731) Tôi yêu 30Shine_Giảm ngay 30% SP tối đa 100K Q1 2026,2025-12-30,2026-03-31,264 LLQ,3,Trải nghiệm Khách hàng,,,,,,,,,,,,,,
(4731) Tôi yêu 30Shine_Giảm ngay 30% SP tối đa 100K Q1 2026,2025-12-30,2026-03-31,29 HB,1,Trải nghiệm Khách hàng,,,,,,,,,,,,,,
(4731) Tôi yêu 30Shine_Giảm ngay 30% SP tối đa 100K Q1 2026,2025-12-30,2026-03-31,312 LVS,2,Trải nghiệm Khách hàng,,,,,,,,,,,,,,
(4731) Tôi yêu 30Shine_Giảm ngay 30% SP tối đa 100K Q1 2026,2025-12-30,2026-03-31,32 NAT,6,Trải nghiệm Khách hàng,,,,,,,,,,,,,,
(4731) Tôi yêu 30Shine_Giảm ngay 30% SP tối đa 100K Q1 2026,2025-12-30,2026-03-31,341 XVNT,9,Trải nghiệm Khách hàng,,,,,,,,,,,,,,
(4731) Tôi yêu 30Shine_Giảm ngay 30% SP tối đa 100K Q1 2026,2025-12-30,2026-03-31,346 KT,3,Trải nghiệm Khách hàng,,,,,,,,,,,,,,
(4731) Tôi yêu 30Shine_Giảm ngay 30% SP tối đa 100K Q1 2026,2025-12-30,2026-03-31,382 NT,10,Trải nghiệm Khách hàng,,,,,,,,,,,,,,
(4731) Tôi yêu 30Shine_Giảm ngay 30% SP tối đa 100K Q1 2026,2025-12-30,2026-03-31,39 HBT,6,Trải nghiệm Khách hàng,,,,,,,,,,,,,,
(4731) Tôi yêu 30Shine_Giảm ngay 30% SP tối đa 100K Q1 2026,2025-12-30,2026-03-31,4 LQD BN,3,Trải nghiệm Khách hàng,,,,,,,,,,,,,,
(4731) Tôi yêu 30Shine_Giảm ngay 30% SP tối đa 100K Q1 2026,2025-12-30,2026-03-31,483 TN,4,Trải nghiệm Khách hàng,,,,,,,,,,,,,,
(4731) Tôi yêu 30Shine_Giảm ngay 30% SP tối đa 100K Q1 2026,2025-12-30,2026-03-31,50BT4 NPC LD,5,Trải nghiệm Khách hàng,,,,,,,,,,,,,,
(4731) Tôi yêu 30Shine_Giảm ngay 30% SP tối đa 100K Q1 2026,2025-12-30,2026-03-31,55A NVL,5,Trải nghiệm Khách hàng,,,,,,,,,,,,,,
(4731) Tôi yêu 30Shine_Giảm ngay 30% SP tối đa 100K Q1 2026,2025-12-30,2026-03-31,575 AC,15,Trải nghiệm Khách hàng,,,,,,,,,,,,,,
(4731) Tôi yêu 30Shine_Giảm ngay 30% SP tối đa 100K Q1 2026,2025-12-30,2026-03-31,58 NVC NA,2,Trải nghiệm Khách hàng,,,,,,,,,,,,,,
(4731) Tôi yêu 30Shine_Giảm ngay 30% SP tối đa 100K Q1 2026,2025-12-30,2026-03-31,595 BT TH,1,Trải nghiệm Khách hàng,,,,,,,,,,,,,,
(4731) Tôi yêu 30Shine_Giảm ngay 30% SP tối đa 100K Q1 2026,2025-12-30,2026-03-31,62 LH,2,Trải nghiệm Khách hàng,,,,,,,,,,,,,,
(4731) Tôi yêu 30Shine_Giảm ngay 30% SP tối đa 100K Q1 2026,2025-12-30,2026-03-31,708 LTT,1,Trải nghiệm Khách hàng,,,,,,,,,,,,,,
(4731) Tôi yêu 30Shine_Giảm ngay 30% SP tối đa 100K Q1 2026,2025-12-30,2026-03-31,730 TL10,4,Trải nghiệm Khách hàng,,,,,,,,,,,,,,
(4731) Tôi yêu 30Shine_Giảm ngay 30% SP tối đa 100K Q1 2026,2025-12-30,2026-03-31,76 PVH,10,Trải nghiệm Khách hàng,,,,,,,,,,,,,,
(4731) Tôi yêu 30Shine_Giảm ngay 30% SP tối đa 100K Q1 2026,2025-12-30,2026-03-31,8 CVL,4,Trải nghiệm Khách hàng,,,,,,,,,,,,,,
(4731) Tôi yêu 30Shine_Giảm ngay 30% SP tối đa 100K Q1 2026,2025-12-30,2026-03-31,927 HG,15,Trải nghiệm Khách hàng,,,,,,,,,,,,,,
(4731) Tôi yêu 30Shine_Giảm ngay 30% SP tối đa 100K Q1 2026,2025-12-30,2026-03-31,99 TSN,6,Trải nghiệm Khách hàng,,,,,,,,,,,,,,
(4663) 1046 - 3 buổi Shinecombo 2  (HSD 6 tháng),2025-11-27,2031-01-31,186 DTH,1,Top up,,,,,,,,,,,,,,
(4663) 1046 - 3 buổi Shinecombo 2  (HSD 6 tháng),2025-11-27,2031-01-31,401/1 NDT,2,Top up,,,,,,,,,,,,,,
(4549) Giảm all dịch vụ 15%,2025-10-30,2029-12-31,39 HBT,1,Top up,,,,,,,,,,,,,,
(4358) VH_(sự cố) 100% all dịch vụ 2025_[All],2025-09-29,2029-11-30,103 TN,1,Xử lý sự cố,,,,,,,,,,,,,,
(4358) VH_(sự cố) 100% all dịch vụ 2025_[All],2025-09-29,2029-11-30,109 TQH,1,Xử lý sự cố,,,,,,,,,,,,,,
(4358) VH_(sự cố) 100% all dịch vụ 2025_[All],2025-09-29,2029-11-30,116 TK,1,Xử lý sự cố,,,,,,,,,,,,,,
(4358) VH_(sự cố) 100% all dịch vụ 2025_[All],2025-09-29,2029-11-30,12 LDT,1,Xử lý sự cố,,,,,,,,,,,,,,
(4358) VH_(sự cố) 100% all dịch vụ 2025_[All],2025-09-29,2029-11-30,173 TN,2,Xử lý sự cố,,,,,,,,,,,,,,
(4358) VH_(sự cố) 100% all dịch vụ 2025_[All],2025-09-29,2029-11-30,186 DTH,2,Xử lý sự cố,,,,,,,,,,,,,,
(4358) VH_(sự cố) 100% all dịch vụ 2025_[All],2025-09-29,2029-11-30,236 DBT,2,Xử lý sự cố,,,,,,,,,,,,,,
(4358) VH_(sự cố) 100% all dịch vụ 2025_[All],2025-09-29,2029-11-30,237 NTT,2,Xử lý sự cố,,,,,,,,,,,,,,
(4358) VH_(sự cố) 100% all dịch vụ 2025_[All],2025-09-29,2029-11-30,25 TD,1,Xử lý sự cố,,,,,,,,,,,,,,
(4358) VH_(sự cố) 100% all dịch vụ 2025_[All],2025-09-29,2029-11-30,264 LLQ,1,Xử lý sự cố,,,,,,,,,,,,,,
(4358) VH_(sự cố) 100% all dịch vụ 2025_[All],2025-09-29,2029-11-30,312 LVS,2,Xử lý sự cố,,,,,,,,,,,,,,
(4358) VH_(sự cố) 100% all dịch vụ 2025_[All],2025-09-29,2029-11-30,362 NGT BN,2,Xử lý sự cố,,,,,,,,,,,,,,
(4358) VH_(sự cố) 100% all dịch vụ 2025_[All],2025-09-29,2029-11-30,363 LNQ TN,1,Xử lý sự cố,,,,,,,,,,,,,,
(4358) VH_(sự cố) 100% all dịch vụ 2025_[All],2025-09-29,2029-11-30,382 NT,3,Xử lý sự cố,,,,,,,,,,,,,,
(4358) VH_(sự cố) 100% all dịch vụ 2025_[All],2025-09-29,2029-11-30,483 TN,1,Xử lý sự cố,,,,,,,,,,,,,,
(4358) VH_(sự cố) 100% all dịch vụ 2025_[All],2025-09-29,2029-11-30,50BT4 NPC LD,2,Xử lý sự cố,,,,,,,,,,,,,,
(4358) VH_(sự cố) 100% all dịch vụ 2025_[All],2025-09-29,2029-11-30,8 CVL,2,Xử lý sự cố,,,,,,,,,,,,,,
(4359) VH_(sự cố) 50% all dịch vụ 2025_[All],2025-09-29,2029-11-30,312 LVS,3,Xử lý sự cố,,,,,,,,,,,,,,
(4361) VH_(sự cố) 20% all dịch vụ 2025_[All],2025-09-29,2029-11-30,1146 KVC,1,Xử lý sự cố,,,,,,,,,,,,,,
(4348) 1300- Thẻ dịch vụ upgrade combo 1 lên combo 2 - 6 buổi- HSD 12 tháng,2025-09-23,2029-10-31,927 HG,6,Top up,,,,,,,,,,,,,,
(4339) MKT - Camp đi quay MKT - Giảm 100% Dịch vụ,2025-09-19,2029-10-31,186 DTH,5,Marketing,,,,,,,,,,,,,,
(4339) MKT - Camp đi quay MKT - Giảm 100% Dịch vụ,2025-09-19,2029-10-31,202 DC,1,Marketing,,,,,,,,,,,,,,
(4339) MKT - Camp đi quay MKT - Giảm 100% Dịch vụ,2025-09-19,2029-10-31,346 KT,1,Marketing,,,,,,,,,,,,,,
(4339) MKT - Camp đi quay MKT - Giảm 100% Dịch vụ,2025-09-19,2029-10-31,927 HG,5,Marketing,,,,,,,,,,,,,,
(4340) GiftZonex30Shine - Giảm 20K cho bill từ 100K,2025-09-19,2026-11-30,103 TN,2,Marketing,,,,,,,,,,,,,,
(4340) GiftZonex30Shine - Giảm 20K cho bill từ 100K,2025-09-19,2026-11-30,109 TQH,1,Marketing,,,,,,,,,,,,,,
(4340) GiftZonex30Shine - Giảm 20K cho bill từ 100K,2025-09-19,2026-11-30,12 LDT,2,Marketing,,,,,,,,,,,,,,
(4340) GiftZonex30Shine - Giảm 20K cho bill từ 100K,2025-09-19,2026-11-30,145 THT,1,Marketing,,,,,,,,,,,,,,
(4340) GiftZonex30Shine - Giảm 20K cho bill từ 100K,2025-09-19,2026-11-30,151 CG,1,Marketing,,,,,,,,,,,,,,
(4340) GiftZonex30Shine - Giảm 20K cho bill từ 100K,2025-09-19,2026-11-30,173 TN,1,Marketing,,,,,,,,,,,,,,
(4340) GiftZonex30Shine - Giảm 20K cho bill từ 100K,2025-09-19,2026-11-30,190 HB,1,Marketing,,,,,,,,,,,,,,
(4340) GiftZonex30Shine - Giảm 20K cho bill từ 100K,2025-09-19,2026-11-30,236 DBT,3,Marketing,,,,,,,,,,,,,,
(4340) GiftZonex30Shine - Giảm 20K cho bill từ 100K,2025-09-19,2026-11-30,237 NTT,1,Marketing,,,,,,,,,,,,,,
(4340) GiftZonex30Shine - Giảm 20K cho bill từ 100K,2025-09-19,2026-11-30,264 LLQ,1,Marketing,,,,,,,,,,,,,,
(4340) GiftZonex30Shine - Giảm 20K cho bill từ 100K,2025-09-19,2026-11-30,29 HB,1,Marketing,,,,,,,,,,,,,,
(4340) GiftZonex30Shine - Giảm 20K cho bill từ 100K,2025-09-19,2026-11-30,312 LVS,1,Marketing,,,,,,,,,,,,,,
(4340) GiftZonex30Shine - Giảm 20K cho bill từ 100K,2025-09-19,2026-11-30,341 XVNT,1,Marketing,,,,,,,,,,,,,,
(4340) GiftZonex30Shine - Giảm 20K cho bill từ 100K,2025-09-19,2026-11-30,362 NGT BN,1,Marketing,,,,,,,,,,,,,,
(4340) GiftZonex30Shine - Giảm 20K cho bill từ 100K,2025-09-19,2026-11-30,39 HBT,2,Marketing,,,,,,,,,,,,,,
(4340) GiftZonex30Shine - Giảm 20K cho bill từ 100K,2025-09-19,2026-11-30,401/1 NDT,1,Marketing,,,,,,,,,,,,,,
(4340) GiftZonex30Shine - Giảm 20K cho bill từ 100K,2025-09-19,2026-11-30,420 HTP,2,Marketing,,,,,,,,,,,,,,
(4340) GiftZonex30Shine - Giảm 20K cho bill từ 100K,2025-09-19,2026-11-30,483 TN,1,Marketing,,,,,,,,,,,,,,
(4340) GiftZonex30Shine - Giảm 20K cho bill từ 100K,2025-09-19,2026-11-30,708 LTT,1,Marketing,,,,,,,,,,,,,,
(4340) GiftZonex30Shine - Giảm 20K cho bill từ 100K,2025-09-19,2026-11-30,730 TL10,1,Marketing,,,,,,,,,,,,,,
(4340) GiftZonex30Shine - Giảm 20K cho bill từ 100K,2025-09-19,2026-11-30,99 TSN,2,Marketing,,,,,,,,,,,,,,
(4341) GiftZonex30Shine - Tặng Cắt 90K cho DV Uốn,2025-09-19,2026-11-30,103 TN,1,Marketing,,,,,,,,,,,,,,
(4341) GiftZonex30Shine - Tặng Cắt 90K cho DV Uốn,2025-09-19,2026-11-30,341 XVNT,1,Marketing,,,,,,,,,,,,,,
"(4302) <Chỉ áp dụng 01 camp, không áp dụng cùng camp khác>[SP] Vu Lan 25 - Giảm 20% all mã máy massage",2025-08-28,2026-03-31,10 TP,1,CTKM Tháng 3,,,,,,,,,,,,,,
"(4302) <Chỉ áp dụng 01 camp, không áp dụng cùng camp khác>[SP] Vu Lan 25 - Giảm 20% all mã máy massage",2025-08-28,2026-03-31,237 NTT,1,CTKM Tháng 3,,,,,,,,,,,,,,
"(4302) <Chỉ áp dụng 01 camp, không áp dụng cùng camp khác>[SP] Vu Lan 25 - Giảm 20% all mã máy massage",2025-08-28,2026-03-31,264 LLQ,1,CTKM Tháng 3,,,,,,,,,,,,,,
"(4302) <Chỉ áp dụng 01 camp, không áp dụng cùng camp khác>[SP] Vu Lan 25 - Giảm 20% all mã máy massage",2025-08-28,2026-03-31,312 LVS,1,CTKM Tháng 3,,,,,,,,,,,,,,
"(4302) <Chỉ áp dụng 01 camp, không áp dụng cùng camp khác>[SP] Vu Lan 25 - Giảm 20% all mã máy massage",2025-08-28,2026-03-31,420 HTP,2,CTKM Tháng 3,,,,,,,,,,,,,,
"(4303) <Chỉ áp dụng 01 camp, không áp dụng cùng camp khác>[SP] Vu Lan 25 - Mua máy massage đấm hoặc massage mắt giá cao (>1300k) - tặng máy massage cổ vai gáy",2025-08-28,2026-03-31,76 PVH,1,CTKM Tháng 3,,,,,,,,,,,,,,
"(4303) <Chỉ áp dụng 01 camp, không áp dụng cùng camp khác>[SP] Vu Lan 25 - Mua máy massage đấm hoặc massage mắt giá cao (>1300k) - tặng máy massage cổ vai gáy",2025-08-28,2026-03-31,99 TSN,1,CTKM Tháng 3,,,,,,,,,,,,,,
(4220) Ưu đãi 10% All Dịch vụ,2025-07-30,2030-09-30,237 NTT,1,Xử lý sự cố,,,,,,,,,,,,,,
(4206) 891- Shinecut Infinity (HSD 12 Tháng) - KHÔNG GIA HẠN,2025-07-28,2030-09-30,10 TP,7,Top up,,,,,,,,,,,,,,
(4206) 891- Shinecut Infinity (HSD 12 Tháng) - KHÔNG GIA HẠN,2025-07-28,2030-09-30,103 TN,10,Top up,,,,,,,,,,,,,,
(4206) 891- Shinecut Infinity (HSD 12 Tháng) - KHÔNG GIA HẠN,2025-07-28,2030-09-30,109 TQH,13,Top up,,,,,,,,,,,,,,
(4206) 891- Shinecut Infinity (HSD 12 Tháng) - KHÔNG GIA HẠN,2025-07-28,2030-09-30,11 PKT,4,Top up,,,,,,,,,,,,,,
(4206) 891- Shinecut Infinity (HSD 12 Tháng) - KHÔNG GIA HẠN,2025-07-28,2030-09-30,113 THD AG,1,Top up,,,,,,,,,,,,,,
(4206) 891- Shinecut Infinity (HSD 12 Tháng) - KHÔNG GIA HẠN,2025-07-28,2030-09-30,1146 KVC,3,Top up,,,,,,,,,,,,,,
(4206) 891- Shinecut Infinity (HSD 12 Tháng) - KHÔNG GIA HẠN,2025-07-28,2030-09-30,116 TK,15,Top up,,,,,,,,,,,,,,
(4206) 891- Shinecut Infinity (HSD 12 Tháng) - KHÔNG GIA HẠN,2025-07-28,2030-09-30,1180 QT,3,Top up,,,,,,,,,,,,,,
(4206) 891- Shinecut Infinity (HSD 12 Tháng) - KHÔNG GIA HẠN,2025-07-28,2030-09-30,12 LDT,12,Top up,,,,,,,,,,,,,,
(4206) 891- Shinecut Infinity (HSD 12 Tháng) - KHÔNG GIA HẠN,2025-07-28,2030-09-30,145 THT,19,Top up,,,,,,,,,,,,,,
(4206) 891- Shinecut Infinity (HSD 12 Tháng) - KHÔNG GIA HẠN,2025-07-28,2030-09-30,148 TD,7,Top up,,,,,,,,,,,,,,
(4206) 891- Shinecut Infinity (HSD 12 Tháng) - KHÔNG GIA HẠN,2025-07-28,2030-09-30,151 CG,16,Top up,,,,,,,,,,,,,,
(4206) 891- Shinecut Infinity (HSD 12 Tháng) - KHÔNG GIA HẠN,2025-07-28,2030-09-30,168 NVC,14,Top up,,,,,,,,,,,,,,
(4206) 891- Shinecut Infinity (HSD 12 Tháng) - KHÔNG GIA HẠN,2025-07-28,2030-09-30,173 TN,9,Top up,,,,,,,,,,,,,,
(4206) 891- Shinecut Infinity (HSD 12 Tháng) - KHÔNG GIA HẠN,2025-07-28,2030-09-30,186 DTH,10,Top up,,,,,,,,,,,,,,
(4206) 891- Shinecut Infinity (HSD 12 Tháng) - KHÔNG GIA HẠN,2025-07-28,2030-09-30,186 QT,1,Top up,,,,,,,,,,,,,,
(4206) 891- Shinecut Infinity (HSD 12 Tháng) - KHÔNG GIA HẠN,2025-07-28,2030-09-30,190 HB,3,Top up,,,,,,,,,,,,,,
(4206) 891- Shinecut Infinity (HSD 12 Tháng) - KHÔNG GIA HẠN,2025-07-28,2030-09-30,202 DC,5,Top up,,,,,,,,,,,,,,
(4206) 891- Shinecut Infinity (HSD 12 Tháng) - KHÔNG GIA HẠN,2025-07-28,2030-09-30,236 DBT,8,Top up,,,,,,,,,,,,,,
(4206) 891- Shinecut Infinity (HSD 12 Tháng) - KHÔNG GIA HẠN,2025-07-28,2030-09-30,237 NTT,30,Top up,,,,,,,,,,,,,,
(4206) 891- Shinecut Infinity (HSD 12 Tháng) - KHÔNG GIA HẠN,2025-07-28,2030-09-30,25 TD,8,Top up,,,,,,,,,,,,,,
(4206) 891- Shinecut Infinity (HSD 12 Tháng) - KHÔNG GIA HẠN,2025-07-28,2030-09-30,255 NAN,6,Top up,,,,,,,,,,,,,,
(4206) 891- Shinecut Infinity (HSD 12 Tháng) - KHÔNG GIA HẠN,2025-07-28,2030-09-30,264 LLQ,29,Top up,,,,,,,,,,,,,,
(4206) 891- Shinecut Infinity (HSD 12 Tháng) - KHÔNG GIA HẠN,2025-07-28,2030-09-30,29 HB,5,Top up,,,,,,,,,,,,,,
(4206) 891- Shinecut Infinity (HSD 12 Tháng) - KHÔNG GIA HẠN,2025-07-28,2030-09-30,290 QT TH,4,Top up,,,,,,,,,,,,,,
(4206) 891- Shinecut Infinity (HSD 12 Tháng) - KHÔNG GIA HẠN,2025-07-28,2030-09-30,304 NT TH,7,Top up,,,,,,,,,,,,,,
(4206) 891- Shinecut Infinity (HSD 12 Tháng) - KHÔNG GIA HẠN,2025-07-28,2030-09-30,312 LVS,7,Top up,,,,,,,,,,,,,,
(4206) 891- Shinecut Infinity (HSD 12 Tháng) - KHÔNG GIA HẠN,2025-07-28,2030-09-30,341 XVNT,16,Top up,,,,,,,,,,,,,,
(4206) 891- Shinecut Infinity (HSD 12 Tháng) - KHÔNG GIA HẠN,2025-07-28,2030-09-30,346 KT,13,Top up,,,,,,,,,,,,,,
(4206) 891- Shinecut Infinity (HSD 12 Tháng) - KHÔNG GIA HẠN,2025-07-28,2030-09-30,36 N1 BD,3,Top up,,,,,,,,,,,,,,
(4206) 891- Shinecut Infinity (HSD 12 Tháng) - KHÔNG GIA HẠN,2025-07-28,2030-09-30,362 NGT BN,4,Top up,,,,,,,,,,,,,,
(4206) 891- Shinecut Infinity (HSD 12 Tháng) - KHÔNG GIA HẠN,2025-07-28,2030-09-30,363 LNQ TN,2,Top up,,,,,,,,,,,,,,
(4206) 891- Shinecut Infinity (HSD 12 Tháng) - KHÔNG GIA HẠN,2025-07-28,2030-09-30,382 NT,9,Top up,,,,,,,,,,,,,,
(4206) 891- Shinecut Infinity (HSD 12 Tháng) - KHÔNG GIA HẠN,2025-07-28,2030-09-30,39 HBT,2,Top up,,,,,,,,,,,,,,
(4206) 891- Shinecut Infinity (HSD 12 Tháng) - KHÔNG GIA HẠN,2025-07-28,2030-09-30,4 LQD BN,3,Top up,,,,,,,,,,,,,,
(4206) 891- Shinecut Infinity (HSD 12 Tháng) - KHÔNG GIA HẠN,2025-07-28,2030-09-30,401/1 NDT,2,Top up,,,,,,,,,,,,,,
(4206) 891- Shinecut Infinity (HSD 12 Tháng) - KHÔNG GIA HẠN,2025-07-28,2030-09-30,420 HTP,13,Top up,,,,,,,,,,,,,,
(4206) 891- Shinecut Infinity (HSD 12 Tháng) - KHÔNG GIA HẠN,2025-07-28,2030-09-30,451 PVT,2,Top up,,,,,,,,,,,,,,
(4206) 891- Shinecut Infinity (HSD 12 Tháng) - KHÔNG GIA HẠN,2025-07-28,2030-09-30,483 TN,2,Top up,,,,,,,,,,,,,,
(4206) 891- Shinecut Infinity (HSD 12 Tháng) - KHÔNG GIA HẠN,2025-07-28,2030-09-30,50BT4 NPC LD,11,Top up,,,,,,,,,,,,,,
(4206) 891- Shinecut Infinity (HSD 12 Tháng) - KHÔNG GIA HẠN,2025-07-28,2030-09-30,55A NVL,5,Top up,,,,,,,,,,,,,,
(4206) 891- Shinecut Infinity (HSD 12 Tháng) - KHÔNG GIA HẠN,2025-07-28,2030-09-30,575 AC,9,Top up,,,,,,,,,,,,,,
(4206) 891- Shinecut Infinity (HSD 12 Tháng) - KHÔNG GIA HẠN,2025-07-28,2030-09-30,58 NVC NA,4,Top up,,,,,,,,,,,,,,
(4206) 891- Shinecut Infinity (HSD 12 Tháng) - KHÔNG GIA HẠN,2025-07-28,2030-09-30,595 BT TH,2,Top up,,,,,,,,,,,,,,
(4206) 891- Shinecut Infinity (HSD 12 Tháng) - KHÔNG GIA HẠN,2025-07-28,2030-09-30,62 LH,2,Top up,,,,,,,,,,,,,,
(4206) 891- Shinecut Infinity (HSD 12 Tháng) - KHÔNG GIA HẠN,2025-07-28,2030-09-30,65 CD,1,Top up,,,,,,,,,,,,,,
(4206) 891- Shinecut Infinity (HSD 12 Tháng) - KHÔNG GIA HẠN,2025-07-28,2030-09-30,7 DTP LA,1,Top up,,,,,,,,,,,,,,
(4206) 891- Shinecut Infinity (HSD 12 Tháng) - KHÔNG GIA HẠN,2025-07-28,2030-09-30,708 LTT,3,Top up,,,,,,,,,,,,,,
(4206) 891- Shinecut Infinity (HSD 12 Tháng) - KHÔNG GIA HẠN,2025-07-28,2030-09-30,730 TL10,2,Top up,,,,,,,,,,,,,,
(4206) 891- Shinecut Infinity (HSD 12 Tháng) - KHÔNG GIA HẠN,2025-07-28,2030-09-30,76 PVH,2,Top up,,,,,,,,,,,,,,
(4206) 891- Shinecut Infinity (HSD 12 Tháng) - KHÔNG GIA HẠN,2025-07-28,2030-09-30,8 CVL,5,Top up,,,,,,,,,,,,,,
(4206) 891- Shinecut Infinity (HSD 12 Tháng) - KHÔNG GIA HẠN,2025-07-28,2030-09-30,80 PL BD,2,Top up,,,,,,,,,,,,,,
(4206) 891- Shinecut Infinity (HSD 12 Tháng) - KHÔNG GIA HẠN,2025-07-28,2030-09-30,90 NH,8,Top up,,,,,,,,,,,,,,
(4206) 891- Shinecut Infinity (HSD 12 Tháng) - KHÔNG GIA HẠN,2025-07-28,2030-09-30,927 HG,1,Top up,,,,,,,,,,,,,,
(4206) 891- Shinecut Infinity (HSD 12 Tháng) - KHÔNG GIA HẠN,2025-07-28,2030-09-30,99 TSN,7,Top up,,,,,,,,,,,,,,
(4206) 891- Shinecut Infinity (HSD 12 Tháng) - KHÔNG GIA HẠN,2025-07-28,2030-09-30,TG 25/4 QN,5,Top up,,,,,,,,,,,,,,
(4162) Cảm ơn khách hàng tiếp tục ủng hộ salon,2025-07-06,2031-01-31,312 LVS,2,Salon,,,,,,,,,,,,,,
"(4102) Tặng voucher sản phẩm 550k ( Laborie , Glazen, Dr for skin )",2025-06-19,2030-09-07,264 LLQ,1,Salon,,,,,,,,,,,,,,
(4084) Ưu đãi khách chờ lâu,2025-06-12,2029-08-31,420 HTP,1,Salon,,,,,,,,,,,,,,
(3675) 1046 - 3 buổi Shinecombo 2  (HSD 6 tháng),2025-01-04,2030-02-28,103 TN,53,Top up,,,,,,,,,,,,,,
(3675) 1046 - 3 buổi Shinecombo 2  (HSD 6 tháng),2025-01-04,2030-02-28,1146 KVC,32,Top up,,,,,,,,,,,,,,
(3675) 1046 - 3 buổi Shinecombo 2  (HSD 6 tháng),2025-01-04,2030-02-28,12 LDT,3,Top up,,,,,,,,,,,,,,
(3675) 1046 - 3 buổi Shinecombo 2  (HSD 6 tháng),2025-01-04,2030-02-28,145 THT,29,Top up,,,,,,,,,,,,,,
(3675) 1046 - 3 buổi Shinecombo 2  (HSD 6 tháng),2025-01-04,2030-02-28,186 DTH,26,Top up,,,,,,,,,,,,,,
(3675) 1046 - 3 buổi Shinecombo 2  (HSD 6 tháng),2025-01-04,2030-02-28,190 HB,11,Top up,,,,,,,,,,,,,,
(3675) 1046 - 3 buổi Shinecombo 2  (HSD 6 tháng),2025-01-04,2030-02-28,237 NTT,1,Top up,,,,,,,,,,,,,,
(3675) 1046 - 3 buổi Shinecombo 2  (HSD 6 tháng),2025-01-04,2030-02-28,255 NAN,63,Top up,,,,,,,,,,,,,,
(3675) 1046 - 3 buổi Shinecombo 2  (HSD 6 tháng),2025-01-04,2030-02-28,29 HB,15,Top up,,,,,,,,,,,,,,
(3675) 1046 - 3 buổi Shinecombo 2  (HSD 6 tháng),2025-01-04,2030-02-28,304 NT TH,1,Top up,,,,,,,,,,,,,,
(3675) 1046 - 3 buổi Shinecombo 2  (HSD 6 tháng),2025-01-04,2030-02-28,312 LVS,23,Top up,,,,,,,,,,,,,,
(3675) 1046 - 3 buổi Shinecombo 2  (HSD 6 tháng),2025-01-04,2030-02-28,341 XVNT,2,Top up,,,,,,,,,,,,,,
(3675) 1046 - 3 buổi Shinecombo 2  (HSD 6 tháng),2025-01-04,2030-02-28,36 N1 BD,38,Top up,,,,,,,,,,,,,,
(3675) 1046 - 3 buổi Shinecombo 2  (HSD 6 tháng),2025-01-04,2030-02-28,401/1 NDT,13,Top up,,,,,,,,,,,,,,
(3675) 1046 - 3 buổi Shinecombo 2  (HSD 6 tháng),2025-01-04,2030-02-28,451 PVT,1,Top up,,,,,,,,,,,,,,
(3675) 1046 - 3 buổi Shinecombo 2  (HSD 6 tháng),2025-01-04,2030-02-28,483 TN,4,Top up,,,,,,,,,,,,,,
(3675) 1046 - 3 buổi Shinecombo 2  (HSD 6 tháng),2025-01-04,2030-02-28,575 AC,2,Top up,,,,,,,,,,,,,,
(3675) 1046 - 3 buổi Shinecombo 2  (HSD 6 tháng),2025-01-04,2030-02-28,58 NVC NA,4,Top up,,,,,,,,,,,,,,
(3675) 1046 - 3 buổi Shinecombo 2  (HSD 6 tháng),2025-01-04,2030-02-28,708 LTT,15,Top up,,,,,,,,,,,,,,
(3675) 1046 - 3 buổi Shinecombo 2  (HSD 6 tháng),2025-01-04,2030-02-28,730 TL10,16,Top up,,,,,,,,,,,,,,
(3675) 1046 - 3 buổi Shinecombo 2  (HSD 6 tháng),2025-01-04,2030-02-28,76 PVH,3,Top up,,,,,,,,,,,,,,
(3675) 1046 - 3 buổi Shinecombo 2  (HSD 6 tháng),2025-01-04,2030-02-28,8 CVL,12,Top up,,,,,,,,,,,,,,
(3675) 1046 - 3 buổi Shinecombo 2  (HSD 6 tháng),2025-01-04,2030-02-28,80 PL BD,59,Top up,,,,,,,,,,,,,,
(3675) 1046 - 3 buổi Shinecombo 2  (HSD 6 tháng),2025-01-04,2030-02-28,80 TP TH,1,Top up,,,,,,,,,,,,,,
(3675) 1046 - 3 buổi Shinecombo 2  (HSD 6 tháng),2025-01-04,2030-02-28,927 HG,272,Top up,,,,,,,,,,,,,,
(3675) 1046 - 3 buổi Shinecombo 2  (HSD 6 tháng),2025-01-04,2030-02-28,99 TSN,78,Top up,,,,,,,,,,,,,,
(3676) 1047 - 3 buổi Cắt Gội Combo 3 - Chăm da  (HSD 6 tháng),2025-01-04,2030-02-28,103 TN,13,Top up,,,,,,,,,,,,,,
(3676) 1047 - 3 buổi Cắt Gội Combo 3 - Chăm da  (HSD 6 tháng),2025-01-04,2030-02-28,1146 KVC,5,Top up,,,,,,,,,,,,,,
(3676) 1047 - 3 buổi Cắt Gội Combo 3 - Chăm da  (HSD 6 tháng),2025-01-04,2030-02-28,1180 QT,1,Top up,,,,,,,,,,,,,,
(3676) 1047 - 3 buổi Cắt Gội Combo 3 - Chăm da  (HSD 6 tháng),2025-01-04,2030-02-28,145 THT,1,Top up,,,,,,,,,,,,,,
(3676) 1047 - 3 buổi Cắt Gội Combo 3 - Chăm da  (HSD 6 tháng),2025-01-04,2030-02-28,186 DTH,3,Top up,,,,,,,,,,,,,,
(3676) 1047 - 3 buổi Cắt Gội Combo 3 - Chăm da  (HSD 6 tháng),2025-01-04,2030-02-28,190 HB,2,Top up,,,,,,,,,,,,,,
(3676) 1047 - 3 buổi Cắt Gội Combo 3 - Chăm da  (HSD 6 tháng),2025-01-04,2030-02-28,255 NAN,1,Top up,,,,,,,,,,,,,,
(3676) 1047 - 3 buổi Cắt Gội Combo 3 - Chăm da  (HSD 6 tháng),2025-01-04,2030-02-28,29 HB,3,Top up,,,,,,,,,,,,,,
(3676) 1047 - 3 buổi Cắt Gội Combo 3 - Chăm da  (HSD 6 tháng),2025-01-04,2030-02-28,36 N1 BD,4,Top up,,,,,,,,,,,,,,
(3676) 1047 - 3 buổi Cắt Gội Combo 3 - Chăm da  (HSD 6 tháng),2025-01-04,2030-02-28,68 LN NA,1,Top up,,,,,,,,,,,,,,
(3676) 1047 - 3 buổi Cắt Gội Combo 3 - Chăm da  (HSD 6 tháng),2025-01-04,2030-02-28,708 LTT,1,Top up,,,,,,,,,,,,,,
(3676) 1047 - 3 buổi Cắt Gội Combo 3 - Chăm da  (HSD 6 tháng),2025-01-04,2030-02-28,80 PL BD,6,Top up,,,,,,,,,,,,,,
(3676) 1047 - 3 buổi Cắt Gội Combo 3 - Chăm da  (HSD 6 tháng),2025-01-04,2030-02-28,927 HG,9,Top up,,,,,,,,,,,,,,
(3676) 1047 - 3 buổi Cắt Gội Combo 3 - Chăm da  (HSD 6 tháng),2025-01-04,2030-02-28,99 TSN,10,Top up,,,,,,,,,,,,,,
(3677) 1048 - 3 buổi Cắt gội Combo 4 (HSD 6 tháng),2025-01-04,2030-02-28,145 THT,1,Top up,,,,,,,,,,,,,,
(3677) 1048 - 3 buổi Cắt gội Combo 4 (HSD 6 tháng),2025-01-04,2030-02-28,186 DTH,1,Top up,,,,,,,,,,,,,,
(3677) 1048 - 3 buổi Cắt gội Combo 4 (HSD 6 tháng),2025-01-04,2030-02-28,190 HB,2,Top up,,,,,,,,,,,,,,
(3677) 1048 - 3 buổi Cắt gội Combo 4 (HSD 6 tháng),2025-01-04,2030-02-28,237 NTT,1,Top up,,,,,,,,,,,,,,
(3677) 1048 - 3 buổi Cắt gội Combo 4 (HSD 6 tháng),2025-01-04,2030-02-28,401/1 NDT,1,Top up,,,,,,,,,,,,,,
(3677) 1048 - 3 buổi Cắt gội Combo 4 (HSD 6 tháng),2025-01-04,2030-02-28,927 HG,12,Top up,,,,,,,,,,,,,,
(3677) 1048 - 3 buổi Cắt gội Combo 4 (HSD 6 tháng),2025-01-04,2030-02-28,99 TSN,1,Top up,,,,,,,,,,,,,,
(3481) code giảm 8% cho salon,2024-12-01,2026-12-31,103 TN,2,Xử lý sự cố,,,,,,,,,,,,,,
(3481) code giảm 8% cho salon,2024-12-01,2026-12-31,1180 QT,12,Xử lý sự cố,,,,,,,,,,,,,,
(3481) code giảm 8% cho salon,2024-12-01,2026-12-31,186 DTH,1,Xử lý sự cố,,,,,,,,,,,,,,
(3481) code giảm 8% cho salon,2024-12-01,2026-12-31,190 HB,4,Xử lý sự cố,,,,,,,,,,,,,,
(3481) code giảm 8% cho salon,2024-12-01,2026-12-31,236 DBT,4,Xử lý sự cố,,,,,,,,,,,,,,
(3481) code giảm 8% cho salon,2024-12-01,2026-12-31,237 NTT,11,Xử lý sự cố,,,,,,,,,,,,,,
(3481) code giảm 8% cho salon,2024-12-01,2026-12-31,25 TD,1,Xử lý sự cố,,,,,,,,,,,,,,
(3481) code giảm 8% cho salon,2024-12-01,2026-12-31,29 HB,2,Xử lý sự cố,,,,,,,,,,,,,,
(3481) code giảm 8% cho salon,2024-12-01,2026-12-31,346 KT,3,Xử lý sự cố,,,,,,,,,,,,,,
(3481) code giảm 8% cho salon,2024-12-01,2026-12-31,362 NGT BN,1,Xử lý sự cố,,,,,,,,,,,,,,
(3481) code giảm 8% cho salon,2024-12-01,2026-12-31,39 HBT,1,Xử lý sự cố,,,,,,,,,,,,,,
(3481) code giảm 8% cho salon,2024-12-01,2026-12-31,401/1 NDT,2,Xử lý sự cố,,,,,,,,,,,,,,
(3481) code giảm 8% cho salon,2024-12-01,2026-12-31,420 HTP,7,Xử lý sự cố,,,,,,,,,,,,,,
(3481) code giảm 8% cho salon,2024-12-01,2026-12-31,483 TN,1,Xử lý sự cố,,,,,,,,,,,,,,
(3481) code giảm 8% cho salon,2024-12-01,2026-12-31,68 LN NA,1,Xử lý sự cố,,,,,,,,,,,,,,
(3481) code giảm 8% cho salon,2024-12-01,2026-12-31,7 DTP LA,1,Xử lý sự cố,,,,,,,,,,,,,,
(3481) code giảm 8% cho salon,2024-12-01,2026-12-31,730 TL10,2,Xử lý sự cố,,,,,,,,,,,,,,
(3481) code giảm 8% cho salon,2024-12-01,2026-12-31,76 PVH,1,Xử lý sự cố,,,,,,,,,,,,,,
(3481) code giảm 8% cho salon,2024-12-01,2026-12-31,8 CVL,1,Xử lý sự cố,,,,,,,,,,,,,,
(3481) code giảm 8% cho salon,2024-12-01,2026-12-31,80 PL BD,1,Xử lý sự cố,,,,,,,,,,,,,,
(3481) code giảm 8% cho salon,2024-12-01,2026-12-31,927 HG,1,Xử lý sự cố,,,,,,,,,,,,,,
(3482) code giảm 12% cho salon,2024-12-01,2026-12-31,103 TN,5,Xử lý sự cố,,,,,,,,,,,,,,
(3482) code giảm 12% cho salon,2024-12-01,2026-12-31,116 TK,2,Xử lý sự cố,,,,,,,,,,,,,,
(3482) code giảm 12% cho salon,2024-12-01,2026-12-31,1180 QT,2,Xử lý sự cố,,,,,,,,,,,,,,
(3482) code giảm 12% cho salon,2024-12-01,2026-12-31,12 LDT,1,Xử lý sự cố,,,,,,,,,,,,,,
(3482) code giảm 12% cho salon,2024-12-01,2026-12-31,190 HB,3,Xử lý sự cố,,,,,,,,,,,,,,
(3482) code giảm 12% cho salon,2024-12-01,2026-12-31,236 DBT,3,Xử lý sự cố,,,,,,,,,,,,,,
(3482) code giảm 12% cho salon,2024-12-01,2026-12-31,237 NTT,5,Xử lý sự cố,,,,,,,,,,,,,,
(3482) code giảm 12% cho salon,2024-12-01,2026-12-31,25 TD,6,Xử lý sự cố,,,,,,,,,,,,,,
(3482) code giảm 12% cho salon,2024-12-01,2026-12-31,29 HB,3,Xử lý sự cố,,,,,,,,,,,,,,
(3482) code giảm 12% cho salon,2024-12-01,2026-12-31,312 LVS,25,Xử lý sự cố,,,,,,,,,,,,,,
(3482) code giảm 12% cho salon,2024-12-01,2026-12-31,32 NAT,27,Xử lý sự cố,,,,,,,,,,,,,,
(3482) code giảm 12% cho salon,2024-12-01,2026-12-31,346 KT,1,Xử lý sự cố,,,,,,,,,,,,,,
(3482) code giảm 12% cho salon,2024-12-01,2026-12-31,362 NGT BN,1,Xử lý sự cố,,,,,,,,,,,,,,
(3482) code giảm 12% cho salon,2024-12-01,2026-12-31,420 HTP,12,Xử lý sự cố,,,,,,,,,,,,,,
(3482) code giảm 12% cho salon,2024-12-01,2026-12-31,50BT4 NPC LD,1,Xử lý sự cố,,,,,,,,,,,,,,
(3482) code giảm 12% cho salon,2024-12-01,2026-12-31,55A NVL,1,Xử lý sự cố,,,,,,,,,,,,,,
(3482) code giảm 12% cho salon,2024-12-01,2026-12-31,575 AC,8,Xử lý sự cố,,,,,,,,,,,,,,
(3482) code giảm 12% cho salon,2024-12-01,2026-12-31,62 LH,1,Xử lý sự cố,,,,,,,,,,,,,,
(3482) code giảm 12% cho salon,2024-12-01,2026-12-31,730 TL10,1,Xử lý sự cố,,,,,,,,,,,,,,
(3482) code giảm 12% cho salon,2024-12-01,2026-12-31,76 PVH,1,Xử lý sự cố,,,,,,,,,,,,,,
(3482) code giảm 12% cho salon,2024-12-01,2026-12-31,927 HG,1,Xử lý sự cố,,,,,,,,,,,,,,
(3482) code giảm 12% cho salon,2024-12-01,2026-12-31,99 TSN,4,Xử lý sự cố,,,,,,,,,,,,,,
"(3222) [Shine Member] Giảm giá 10% DV ShineCombo, 20% DV Cắt",2024-10-23,2026-11-12,10 TP,1,Member,,,,,,,,,,,,,,
"(3222) [Shine Member] Giảm giá 10% DV ShineCombo, 20% DV Cắt",2024-10-23,2026-11-12,103 TN,11,Member,,,,,,,,,,,,,,
"(3222) [Shine Member] Giảm giá 10% DV ShineCombo, 20% DV Cắt",2024-10-23,2026-11-12,1146 KVC,1,Member,,,,,,,,,,,,,,
"(3222) [Shine Member] Giảm giá 10% DV ShineCombo, 20% DV Cắt",2024-10-23,2026-11-12,116 TK,4,Member,,,,,,,,,,,,,,
"(3222) [Shine Member] Giảm giá 10% DV ShineCombo, 20% DV Cắt",2024-10-23,2026-11-12,1180 QT,2,Member,,,,,,,,,,,,,,
"(3222) [Shine Member] Giảm giá 10% DV ShineCombo, 20% DV Cắt",2024-10-23,2026-11-12,12 LDT,1,Member,,,,,,,,,,,,,,
"(3222) [Shine Member] Giảm giá 10% DV ShineCombo, 20% DV Cắt",2024-10-23,2026-11-12,145 THT,14,Member,,,,,,,,,,,,,,
"(3222) [Shine Member] Giảm giá 10% DV ShineCombo, 20% DV Cắt",2024-10-23,2026-11-12,148 TD,1,Member,,,,,,,,,,,,,,
"(3222) [Shine Member] Giảm giá 10% DV ShineCombo, 20% DV Cắt",2024-10-23,2026-11-12,151 CG,1,Member,,,,,,,,,,,,,,
"(3222) [Shine Member] Giảm giá 10% DV ShineCombo, 20% DV Cắt",2024-10-23,2026-11-12,168 NVC,1,Member,,,,,,,,,,,,,,
"(3222) [Shine Member] Giảm giá 10% DV ShineCombo, 20% DV Cắt",2024-10-23,2026-11-12,173 TN,1,Member,,,,,,,,,,,,,,
"(3222) [Shine Member] Giảm giá 10% DV ShineCombo, 20% DV Cắt",2024-10-23,2026-11-12,186 DTH,2,Member,,,,,,,,,,,,,,
"(3222) [Shine Member] Giảm giá 10% DV ShineCombo, 20% DV Cắt",2024-10-23,2026-11-12,186 QT,1,Member,,,,,,,,,,,,,,
"(3222) [Shine Member] Giảm giá 10% DV ShineCombo, 20% DV Cắt",2024-10-23,2026-11-12,202 DC,1,Member,,,,,,,,,,,,,,
"(3222) [Shine Member] Giảm giá 10% DV ShineCombo, 20% DV Cắt",2024-10-23,2026-11-12,236 DBT,2,Member,,,,,,,,,,,,,,
"(3222) [Shine Member] Giảm giá 10% DV ShineCombo, 20% DV Cắt",2024-10-23,2026-11-12,237 NTT,4,Member,,,,,,,,,,,,,,
"(3222) [Shine Member] Giảm giá 10% DV ShineCombo, 20% DV Cắt",2024-10-23,2026-11-12,255 NAN,1,Member,,,,,,,,,,,,,,
"(3222) [Shine Member] Giảm giá 10% DV ShineCombo, 20% DV Cắt",2024-10-23,2026-11-12,29 HB,3,Member,,,,,,,,,,,,,,
"(3222) [Shine Member] Giảm giá 10% DV ShineCombo, 20% DV Cắt",2024-10-23,2026-11-12,346 KT,3,Member,,,,,,,,,,,,,,
"(3222) [Shine Member] Giảm giá 10% DV ShineCombo, 20% DV Cắt",2024-10-23,2026-11-12,382 NT,12,Member,,,,,,,,,,,,,,
"(3222) [Shine Member] Giảm giá 10% DV ShineCombo, 20% DV Cắt",2024-10-23,2026-11-12,39 HBT,1,Member,,,,,,,,,,,,,,
"(3222) [Shine Member] Giảm giá 10% DV ShineCombo, 20% DV Cắt",2024-10-23,2026-11-12,401/1 NDT,2,Member,,,,,,,,,,,,,,
"(3222) [Shine Member] Giảm giá 10% DV ShineCombo, 20% DV Cắt",2024-10-23,2026-11-12,483 TN,1,Member,,,,,,,,,,,,,,
"(3222) [Shine Member] Giảm giá 10% DV ShineCombo, 20% DV Cắt",2024-10-23,2026-11-12,50BT4 NPC LD,6,Member,,,,,,,,,,,,,,
"(3222) [Shine Member] Giảm giá 10% DV ShineCombo, 20% DV Cắt",2024-10-23,2026-11-12,62 LH,1,Member,,,,,,,,,,,,,,
"(3222) [Shine Member] Giảm giá 10% DV ShineCombo, 20% DV Cắt",2024-10-23,2026-11-12,708 LTT,1,Member,,,,,,,,,,,,,,
"(3222) [Shine Member] Giảm giá 10% DV ShineCombo, 20% DV Cắt",2024-10-23,2026-11-12,730 TL10,2,Member,,,,,,,,,,,,,,
"(3222) [Shine Member] Giảm giá 10% DV ShineCombo, 20% DV Cắt",2024-10-23,2026-11-12,8 CVL,3,Member,,,,,,,,,,,,,,
"(3222) [Shine Member] Giảm giá 10% DV ShineCombo, 20% DV Cắt",2024-10-23,2026-11-12,80 PL BD,3,Member,,,,,,,,,,,,,,
"(3222) [Shine Member] Giảm giá 10% DV ShineCombo, 20% DV Cắt",2024-10-23,2026-11-12,90 NH,4,Member,,,,,,,,,,,,,,
"(3222) [Shine Member] Giảm giá 10% DV ShineCombo, 20% DV Cắt",2024-10-23,2026-11-12,99 TSN,2,Member,,,,,,,,,,,,,,
(3155) New member 2025_Special Gift_Tặng gội thư giãn cổ vai gáy trị giá 100.000VNĐ khi có tích luỹ chi tiêu trong tháng > 100.000VNĐ (Áp dụng lần thứ 2 đến trong tháng),2024-09-01,2026-12-31,10 TP,13,Member,,,,,,,,,,,,,,
(3155) New member 2025_Special Gift_Tặng gội thư giãn cổ vai gáy trị giá 100.000VNĐ khi có tích luỹ chi tiêu trong tháng > 100.000VNĐ (Áp dụng lần thứ 2 đến trong tháng),2024-09-01,2026-12-31,103 TN,9,Member,,,,,,,,,,,,,,
(3155) New member 2025_Special Gift_Tặng gội thư giãn cổ vai gáy trị giá 100.000VNĐ khi có tích luỹ chi tiêu trong tháng > 100.000VNĐ (Áp dụng lần thứ 2 đến trong tháng),2024-09-01,2026-12-31,109 TQH,14,Member,,,,,,,,,,,,,,
(3155) New member 2025_Special Gift_Tặng gội thư giãn cổ vai gáy trị giá 100.000VNĐ khi có tích luỹ chi tiêu trong tháng > 100.000VNĐ (Áp dụng lần thứ 2 đến trong tháng),2024-09-01,2026-12-31,113 THD AG,1,Member,,,,,,,,,,,,,,
(3155) New member 2025_Special Gift_Tặng gội thư giãn cổ vai gáy trị giá 100.000VNĐ khi có tích luỹ chi tiêu trong tháng > 100.000VNĐ (Áp dụng lần thứ 2 đến trong tháng),2024-09-01,2026-12-31,1146 KVC,5,Member,,,,,,,,,,,,,,
(3155) New member 2025_Special Gift_Tặng gội thư giãn cổ vai gáy trị giá 100.000VNĐ khi có tích luỹ chi tiêu trong tháng > 100.000VNĐ (Áp dụng lần thứ 2 đến trong tháng),2024-09-01,2026-12-31,116 TK,30,Member,,,,,,,,,,,,,,
(3155) New member 2025_Special Gift_Tặng gội thư giãn cổ vai gáy trị giá 100.000VNĐ khi có tích luỹ chi tiêu trong tháng > 100.000VNĐ (Áp dụng lần thứ 2 đến trong tháng),2024-09-01,2026-12-31,1180 QT,11,Member,,,,,,,,,,,,,,
(3155) New member 2025_Special Gift_Tặng gội thư giãn cổ vai gáy trị giá 100.000VNĐ khi có tích luỹ chi tiêu trong tháng > 100.000VNĐ (Áp dụng lần thứ 2 đến trong tháng),2024-09-01,2026-12-31,12 LDT,3,Member,,,,,,,,,,,,,,
(3155) New member 2025_Special Gift_Tặng gội thư giãn cổ vai gáy trị giá 100.000VNĐ khi có tích luỹ chi tiêu trong tháng > 100.000VNĐ (Áp dụng lần thứ 2 đến trong tháng),2024-09-01,2026-12-31,1371 PVT,3,Member,,,,,,,,,,,,,,
(3155) New member 2025_Special Gift_Tặng gội thư giãn cổ vai gáy trị giá 100.000VNĐ khi có tích luỹ chi tiêu trong tháng > 100.000VNĐ (Áp dụng lần thứ 2 đến trong tháng),2024-09-01,2026-12-31,145 THT,25,Member,,,,,,,,,,,,,,
(3155) New member 2025_Special Gift_Tặng gội thư giãn cổ vai gáy trị giá 100.000VNĐ khi có tích luỹ chi tiêu trong tháng > 100.000VNĐ (Áp dụng lần thứ 2 đến trong tháng),2024-09-01,2026-12-31,148 TD,3,Member,,,,,,,,,,,,,,
(3155) New member 2025_Special Gift_Tặng gội thư giãn cổ vai gáy trị giá 100.000VNĐ khi có tích luỹ chi tiêu trong tháng > 100.000VNĐ (Áp dụng lần thứ 2 đến trong tháng),2024-09-01,2026-12-31,151 CG,10,Member,,,,,,,,,,,,,,
(3155) New member 2025_Special Gift_Tặng gội thư giãn cổ vai gáy trị giá 100.000VNĐ khi có tích luỹ chi tiêu trong tháng > 100.000VNĐ (Áp dụng lần thứ 2 đến trong tháng),2024-09-01,2026-12-31,168 NVC,2,Member,,,,,,,,,,,,,,
(3155) New member 2025_Special Gift_Tặng gội thư giãn cổ vai gáy trị giá 100.000VNĐ khi có tích luỹ chi tiêu trong tháng > 100.000VNĐ (Áp dụng lần thứ 2 đến trong tháng),2024-09-01,2026-12-31,173 TN,6,Member,,,,,,,,,,,,,,
(3155) New member 2025_Special Gift_Tặng gội thư giãn cổ vai gáy trị giá 100.000VNĐ khi có tích luỹ chi tiêu trong tháng > 100.000VNĐ (Áp dụng lần thứ 2 đến trong tháng),2024-09-01,2026-12-31,186 DTH,18,Member,,,,,,,,,,,,,,
(3155) New member 2025_Special Gift_Tặng gội thư giãn cổ vai gáy trị giá 100.000VNĐ khi có tích luỹ chi tiêu trong tháng > 100.000VNĐ (Áp dụng lần thứ 2 đến trong tháng),2024-09-01,2026-12-31,190 HB,17,Member,,,,,,,,,,,,,,
(3155) New member 2025_Special Gift_Tặng gội thư giãn cổ vai gáy trị giá 100.000VNĐ khi có tích luỹ chi tiêu trong tháng > 100.000VNĐ (Áp dụng lần thứ 2 đến trong tháng),2024-09-01,2026-12-31,202 DC,2,Member,,,,,,,,,,,,,,
(3155) New member 2025_Special Gift_Tặng gội thư giãn cổ vai gáy trị giá 100.000VNĐ khi có tích luỹ chi tiêu trong tháng > 100.000VNĐ (Áp dụng lần thứ 2 đến trong tháng),2024-09-01,2026-12-31,236 DBT,5,Member,,,,,,,,,,,,,,
(3155) New member 2025_Special Gift_Tặng gội thư giãn cổ vai gáy trị giá 100.000VNĐ khi có tích luỹ chi tiêu trong tháng > 100.000VNĐ (Áp dụng lần thứ 2 đến trong tháng),2024-09-01,2026-12-31,237 NTT,17,Member,,,,,,,,,,,,,,
(3155) New member 2025_Special Gift_Tặng gội thư giãn cổ vai gáy trị giá 100.000VNĐ khi có tích luỹ chi tiêu trong tháng > 100.000VNĐ (Áp dụng lần thứ 2 đến trong tháng),2024-09-01,2026-12-31,25 TD,10,Member,,,,,,,,,,,,,,
(3155) New member 2025_Special Gift_Tặng gội thư giãn cổ vai gáy trị giá 100.000VNĐ khi có tích luỹ chi tiêu trong tháng > 100.000VNĐ (Áp dụng lần thứ 2 đến trong tháng),2024-09-01,2026-12-31,255 NAN,5,Member,,,,,,,,,,,,,,
(3155) New member 2025_Special Gift_Tặng gội thư giãn cổ vai gáy trị giá 100.000VNĐ khi có tích luỹ chi tiêu trong tháng > 100.000VNĐ (Áp dụng lần thứ 2 đến trong tháng),2024-09-01,2026-12-31,264 LLQ,2,Member,,,,,,,,,,,,,,
(3155) New member 2025_Special Gift_Tặng gội thư giãn cổ vai gáy trị giá 100.000VNĐ khi có tích luỹ chi tiêu trong tháng > 100.000VNĐ (Áp dụng lần thứ 2 đến trong tháng),2024-09-01,2026-12-31,29 HB,4,Member,,,,,,,,,,,,,,
(3155) New member 2025_Special Gift_Tặng gội thư giãn cổ vai gáy trị giá 100.000VNĐ khi có tích luỹ chi tiêu trong tháng > 100.000VNĐ (Áp dụng lần thứ 2 đến trong tháng),2024-09-01,2026-12-31,290 QT TH,4,Member,,,,,,,,,,,,,,
(3155) New member 2025_Special Gift_Tặng gội thư giãn cổ vai gáy trị giá 100.000VNĐ khi có tích luỹ chi tiêu trong tháng > 100.000VNĐ (Áp dụng lần thứ 2 đến trong tháng),2024-09-01,2026-12-31,312 LVS,14,Member,,,,,,,,,,,,,,
(3155) New member 2025_Special Gift_Tặng gội thư giãn cổ vai gáy trị giá 100.000VNĐ khi có tích luỹ chi tiêu trong tháng > 100.000VNĐ (Áp dụng lần thứ 2 đến trong tháng),2024-09-01,2026-12-31,32 NAT,10,Member,,,,,,,,,,,,,,
(3155) New member 2025_Special Gift_Tặng gội thư giãn cổ vai gáy trị giá 100.000VNĐ khi có tích luỹ chi tiêu trong tháng > 100.000VNĐ (Áp dụng lần thứ 2 đến trong tháng),2024-09-01,2026-12-31,341 XVNT,8,Member,,,,,,,,,,,,,,
(3155) New member 2025_Special Gift_Tặng gội thư giãn cổ vai gáy trị giá 100.000VNĐ khi có tích luỹ chi tiêu trong tháng > 100.000VNĐ (Áp dụng lần thứ 2 đến trong tháng),2024-09-01,2026-12-31,346 KT,3,Member,,,,,,,,,,,,,,
(3155) New member 2025_Special Gift_Tặng gội thư giãn cổ vai gáy trị giá 100.000VNĐ khi có tích luỹ chi tiêu trong tháng > 100.000VNĐ (Áp dụng lần thứ 2 đến trong tháng),2024-09-01,2026-12-31,36 N1 BD,6,Member,,,,,,,,,,,,,,
(3155) New member 2025_Special Gift_Tặng gội thư giãn cổ vai gáy trị giá 100.000VNĐ khi có tích luỹ chi tiêu trong tháng > 100.000VNĐ (Áp dụng lần thứ 2 đến trong tháng),2024-09-01,2026-12-31,382 NT,81,Member,,,,,,,,,,,,,,
(3155) New member 2025_Special Gift_Tặng gội thư giãn cổ vai gáy trị giá 100.000VNĐ khi có tích luỹ chi tiêu trong tháng > 100.000VNĐ (Áp dụng lần thứ 2 đến trong tháng),2024-09-01,2026-12-31,39 HBT,4,Member,,,,,,,,,,,,,,
(3155) New member 2025_Special Gift_Tặng gội thư giãn cổ vai gáy trị giá 100.000VNĐ khi có tích luỹ chi tiêu trong tháng > 100.000VNĐ (Áp dụng lần thứ 2 đến trong tháng),2024-09-01,2026-12-31,401/1 NDT,4,Member,,,,,,,,,,,,,,
(3155) New member 2025_Special Gift_Tặng gội thư giãn cổ vai gáy trị giá 100.000VNĐ khi có tích luỹ chi tiêu trong tháng > 100.000VNĐ (Áp dụng lần thứ 2 đến trong tháng),2024-09-01,2026-12-31,420 HTP,5,Member,,,,,,,,,,,,,,
(3155) New member 2025_Special Gift_Tặng gội thư giãn cổ vai gáy trị giá 100.000VNĐ khi có tích luỹ chi tiêu trong tháng > 100.000VNĐ (Áp dụng lần thứ 2 đến trong tháng),2024-09-01,2026-12-31,451 PVT,2,Member,,,,,,,,,,,,,,
(3155) New member 2025_Special Gift_Tặng gội thư giãn cổ vai gáy trị giá 100.000VNĐ khi có tích luỹ chi tiêu trong tháng > 100.000VNĐ (Áp dụng lần thứ 2 đến trong tháng),2024-09-01,2026-12-31,483 TN,17,Member,,,,,,,,,,,,,,
(3155) New member 2025_Special Gift_Tặng gội thư giãn cổ vai gáy trị giá 100.000VNĐ khi có tích luỹ chi tiêu trong tháng > 100.000VNĐ (Áp dụng lần thứ 2 đến trong tháng),2024-09-01,2026-12-31,50BT4 NPC LD,10,Member,,,,,,,,,,,,,,
(3155) New member 2025_Special Gift_Tặng gội thư giãn cổ vai gáy trị giá 100.000VNĐ khi có tích luỹ chi tiêu trong tháng > 100.000VNĐ (Áp dụng lần thứ 2 đến trong tháng),2024-09-01,2026-12-31,55A NVL,10,Member,,,,,,,,,,,,,,
(3155) New member 2025_Special Gift_Tặng gội thư giãn cổ vai gáy trị giá 100.000VNĐ khi có tích luỹ chi tiêu trong tháng > 100.000VNĐ (Áp dụng lần thứ 2 đến trong tháng),2024-09-01,2026-12-31,575 AC,15,Member,,,,,,,,,,,,,,
(3155) New member 2025_Special Gift_Tặng gội thư giãn cổ vai gáy trị giá 100.000VNĐ khi có tích luỹ chi tiêu trong tháng > 100.000VNĐ (Áp dụng lần thứ 2 đến trong tháng),2024-09-01,2026-12-31,595 BT TH,1,Member,,,,,,,,,,,,,,
(3155) New member 2025_Special Gift_Tặng gội thư giãn cổ vai gáy trị giá 100.000VNĐ khi có tích luỹ chi tiêu trong tháng > 100.000VNĐ (Áp dụng lần thứ 2 đến trong tháng),2024-09-01,2026-12-31,62 LH,7,Member,,,,,,,,,,,,,,
(3155) New member 2025_Special Gift_Tặng gội thư giãn cổ vai gáy trị giá 100.000VNĐ khi có tích luỹ chi tiêu trong tháng > 100.000VNĐ (Áp dụng lần thứ 2 đến trong tháng),2024-09-01,2026-12-31,65 CD,2,Member,,,,,,,,,,,,,,
(3155) New member 2025_Special Gift_Tặng gội thư giãn cổ vai gáy trị giá 100.000VNĐ khi có tích luỹ chi tiêu trong tháng > 100.000VNĐ (Áp dụng lần thứ 2 đến trong tháng),2024-09-01,2026-12-31,68 LN NA,1,Member,,,,,,,,,,,,,,
(3155) New member 2025_Special Gift_Tặng gội thư giãn cổ vai gáy trị giá 100.000VNĐ khi có tích luỹ chi tiêu trong tháng > 100.000VNĐ (Áp dụng lần thứ 2 đến trong tháng),2024-09-01,2026-12-31,7 DTP LA,1,Member,,,,,,,,,,,,,,
(3155) New member 2025_Special Gift_Tặng gội thư giãn cổ vai gáy trị giá 100.000VNĐ khi có tích luỹ chi tiêu trong tháng > 100.000VNĐ (Áp dụng lần thứ 2 đến trong tháng),2024-09-01,2026-12-31,708 LTT,3,Member,,,,,,,,,,,,,,
(3155) New member 2025_Special Gift_Tặng gội thư giãn cổ vai gáy trị giá 100.000VNĐ khi có tích luỹ chi tiêu trong tháng > 100.000VNĐ (Áp dụng lần thứ 2 đến trong tháng),2024-09-01,2026-12-31,730 TL10,8,Member,,,,,,,,,,,,,,
(3155) New member 2025_Special Gift_Tặng gội thư giãn cổ vai gáy trị giá 100.000VNĐ khi có tích luỹ chi tiêu trong tháng > 100.000VNĐ (Áp dụng lần thứ 2 đến trong tháng),2024-09-01,2026-12-31,76 PVH,3,Member,,,,,,,,,,,,,,
(3155) New member 2025_Special Gift_Tặng gội thư giãn cổ vai gáy trị giá 100.000VNĐ khi có tích luỹ chi tiêu trong tháng > 100.000VNĐ (Áp dụng lần thứ 2 đến trong tháng),2024-09-01,2026-12-31,8 CVL,6,Member,,,,,,,,,,,,,,
(3155) New member 2025_Special Gift_Tặng gội thư giãn cổ vai gáy trị giá 100.000VNĐ khi có tích luỹ chi tiêu trong tháng > 100.000VNĐ (Áp dụng lần thứ 2 đến trong tháng),2024-09-01,2026-12-31,80 TP TH,2,Member,,,,,,,,,,,,,,
(3155) New member 2025_Special Gift_Tặng gội thư giãn cổ vai gáy trị giá 100.000VNĐ khi có tích luỹ chi tiêu trong tháng > 100.000VNĐ (Áp dụng lần thứ 2 đến trong tháng),2024-09-01,2026-12-31,90 NH,11,Member,,,,,,,,,,,,,,
(3155) New member 2025_Special Gift_Tặng gội thư giãn cổ vai gáy trị giá 100.000VNĐ khi có tích luỹ chi tiêu trong tháng > 100.000VNĐ (Áp dụng lần thứ 2 đến trong tháng),2024-09-01,2026-12-31,927 HG,27,Member,,,,,,,,,,,,,,
(3155) New member 2025_Special Gift_Tặng gội thư giãn cổ vai gáy trị giá 100.000VNĐ khi có tích luỹ chi tiêu trong tháng > 100.000VNĐ (Áp dụng lần thứ 2 đến trong tháng),2024-09-01,2026-12-31,99 TSN,5,Member,,,,,,,,,,,,,,
(2909) [CAMPAIGN KHÔNG GIA HẠN] Giảm 50k cho cả bill khi mua thẻ giảm 50k cho 3 lần tiếp theo [SC],2024-04-23,2026-04-30,109 TQH,4,Marketing,,,,,,,,,,,,,,
(2909) [CAMPAIGN KHÔNG GIA HẠN] Giảm 50k cho cả bill khi mua thẻ giảm 50k cho 3 lần tiếp theo [SC],2024-04-23,2026-04-30,113 THD AG,1,Marketing,,,,,,,,,,,,,,
(2909) [CAMPAIGN KHÔNG GIA HẠN] Giảm 50k cho cả bill khi mua thẻ giảm 50k cho 3 lần tiếp theo [SC],2024-04-23,2026-04-30,1146 KVC,6,Marketing,,,,,,,,,,,,,,
(2909) [CAMPAIGN KHÔNG GIA HẠN] Giảm 50k cho cả bill khi mua thẻ giảm 50k cho 3 lần tiếp theo [SC],2024-04-23,2026-04-30,116 TK,13,Marketing,,,,,,,,,,,,,,
(2909) [CAMPAIGN KHÔNG GIA HẠN] Giảm 50k cho cả bill khi mua thẻ giảm 50k cho 3 lần tiếp theo [SC],2024-04-23,2026-04-30,1180 QT,2,Marketing,,,,,,,,,,,,,,
(2909) [CAMPAIGN KHÔNG GIA HẠN] Giảm 50k cho cả bill khi mua thẻ giảm 50k cho 3 lần tiếp theo [SC],2024-04-23,2026-04-30,1371 PVT,8,Marketing,,,,,,,,,,,,,,
(2909) [CAMPAIGN KHÔNG GIA HẠN] Giảm 50k cho cả bill khi mua thẻ giảm 50k cho 3 lần tiếp theo [SC],2024-04-23,2026-04-30,145 THT,1,Marketing,,,,,,,,,,,,,,
(2909) [CAMPAIGN KHÔNG GIA HẠN] Giảm 50k cho cả bill khi mua thẻ giảm 50k cho 3 lần tiếp theo [SC],2024-04-23,2026-04-30,148 TD,3,Marketing,,,,,,,,,,,,,,
(2909) [CAMPAIGN KHÔNG GIA HẠN] Giảm 50k cho cả bill khi mua thẻ giảm 50k cho 3 lần tiếp theo [SC],2024-04-23,2026-04-30,151 CG,5,Marketing,,,,,,,,,,,,,,
(2909) [CAMPAIGN KHÔNG GIA HẠN] Giảm 50k cho cả bill khi mua thẻ giảm 50k cho 3 lần tiếp theo [SC],2024-04-23,2026-04-30,168 NVC,3,Marketing,,,,,,,,,,,,,,
(2909) [CAMPAIGN KHÔNG GIA HẠN] Giảm 50k cho cả bill khi mua thẻ giảm 50k cho 3 lần tiếp theo [SC],2024-04-23,2026-04-30,202 DC,2,Marketing,,,,,,,,,,,,,,
(2909) [CAMPAIGN KHÔNG GIA HẠN] Giảm 50k cho cả bill khi mua thẻ giảm 50k cho 3 lần tiếp theo [SC],2024-04-23,2026-04-30,25 TD,1,Marketing,,,,,,,,,,,,,,
(2909) [CAMPAIGN KHÔNG GIA HẠN] Giảm 50k cho cả bill khi mua thẻ giảm 50k cho 3 lần tiếp theo [SC],2024-04-23,2026-04-30,255 NAN,1,Marketing,,,,,,,,,,,,,,
(2909) [CAMPAIGN KHÔNG GIA HẠN] Giảm 50k cho cả bill khi mua thẻ giảm 50k cho 3 lần tiếp theo [SC],2024-04-23,2026-04-30,264 LLQ,1,Marketing,,,,,,,,,,,,,,
(2909) [CAMPAIGN KHÔNG GIA HẠN] Giảm 50k cho cả bill khi mua thẻ giảm 50k cho 3 lần tiếp theo [SC],2024-04-23,2026-04-30,29 HB,21,Marketing,,,,,,,,,,,,,,
(2909) [CAMPAIGN KHÔNG GIA HẠN] Giảm 50k cho cả bill khi mua thẻ giảm 50k cho 3 lần tiếp theo [SC],2024-04-23,2026-04-30,290 QT TH,5,Marketing,,,,,,,,,,,,,,
(2909) [CAMPAIGN KHÔNG GIA HẠN] Giảm 50k cho cả bill khi mua thẻ giảm 50k cho 3 lần tiếp theo [SC],2024-04-23,2026-04-30,346 KT,1,Marketing,,,,,,,,,,,,,,
(2909) [CAMPAIGN KHÔNG GIA HẠN] Giảm 50k cho cả bill khi mua thẻ giảm 50k cho 3 lần tiếp theo [SC],2024-04-23,2026-04-30,36 N1 BD,61,Marketing,,,,,,,,,,,,,,
(2909) [CAMPAIGN KHÔNG GIA HẠN] Giảm 50k cho cả bill khi mua thẻ giảm 50k cho 3 lần tiếp theo [SC],2024-04-23,2026-04-30,382 NT,17,Marketing,,,,,,,,,,,,,,
(2909) [CAMPAIGN KHÔNG GIA HẠN] Giảm 50k cho cả bill khi mua thẻ giảm 50k cho 3 lần tiếp theo [SC],2024-04-23,2026-04-30,39 HBT,3,Marketing,,,,,,,,,,,,,,
(2909) [CAMPAIGN KHÔNG GIA HẠN] Giảm 50k cho cả bill khi mua thẻ giảm 50k cho 3 lần tiếp theo [SC],2024-04-23,2026-04-30,401/1 NDT,3,Marketing,,,,,,,,,,,,,,
(2909) [CAMPAIGN KHÔNG GIA HẠN] Giảm 50k cho cả bill khi mua thẻ giảm 50k cho 3 lần tiếp theo [SC],2024-04-23,2026-04-30,451 PVT,1,Marketing,,,,,,,,,,,,,,
(2909) [CAMPAIGN KHÔNG GIA HẠN] Giảm 50k cho cả bill khi mua thẻ giảm 50k cho 3 lần tiếp theo [SC],2024-04-23,2026-04-30,50BT4 NPC LD,2,Marketing,,,,,,,,,,,,,,
(2909) [CAMPAIGN KHÔNG GIA HẠN] Giảm 50k cho cả bill khi mua thẻ giảm 50k cho 3 lần tiếp theo [SC],2024-04-23,2026-04-30,55A NVL,2,Marketing,,,,,,,,,,,,,,
(2909) [CAMPAIGN KHÔNG GIA HẠN] Giảm 50k cho cả bill khi mua thẻ giảm 50k cho 3 lần tiếp theo [SC],2024-04-23,2026-04-30,62 LH,1,Marketing,,,,,,,,,,,,,,
(2909) [CAMPAIGN KHÔNG GIA HẠN] Giảm 50k cho cả bill khi mua thẻ giảm 50k cho 3 lần tiếp theo [SC],2024-04-23,2026-04-30,68 LN NA,1,Marketing,,,,,,,,,,,,,,
(2909) [CAMPAIGN KHÔNG GIA HẠN] Giảm 50k cho cả bill khi mua thẻ giảm 50k cho 3 lần tiếp theo [SC],2024-04-23,2026-04-30,708 LTT,1,Marketing,,,,,,,,,,,,,,
(2909) [CAMPAIGN KHÔNG GIA HẠN] Giảm 50k cho cả bill khi mua thẻ giảm 50k cho 3 lần tiếp theo [SC],2024-04-23,2026-04-30,8 CVL,1,Marketing,,,,,,,,,,,,,,
(2909) [CAMPAIGN KHÔNG GIA HẠN] Giảm 50k cho cả bill khi mua thẻ giảm 50k cho 3 lần tiếp theo [SC],2024-04-23,2026-04-30,80 PL BD,3,Marketing,,,,,,,,,,,,,,
(2909) [CAMPAIGN KHÔNG GIA HẠN] Giảm 50k cho cả bill khi mua thẻ giảm 50k cho 3 lần tiếp theo [SC],2024-04-23,2026-04-30,80 TP TH,3,Marketing,,,,,,,,,,,,,,
(2909) [CAMPAIGN KHÔNG GIA HẠN] Giảm 50k cho cả bill khi mua thẻ giảm 50k cho 3 lần tiếp theo [SC],2024-04-23,2026-04-30,90 NH,1,Marketing,,,,,,,,,,,,,,
"(2690) [Shine member] Áp dụng giảm giá DV, SP khi mua thẻ silver member",2023-11-23,2026-12-31,312 LVS,1,Member,,,,,,,,,,,,,,
"(2690) [Shine member] Áp dụng giảm giá DV, SP khi mua thẻ silver member",2023-11-23,2026-12-31,575 AC,1,Member,,,,,,,,,,,,,,
"(2690) [Shine member] Áp dụng giảm giá DV, SP khi mua thẻ silver member",2023-11-23,2026-12-31,708 LTT,1,Member,,,,,,,,,,,,,,
"(2690) [Shine member] Áp dụng giảm giá DV, SP khi mua thẻ silver member",2023-11-23,2026-12-31,8 CVL,2,Member,,,,,,,,,,,,,,
(2669) [Shine Member] Giảm 20% Uốn Nhuộm cho lần sau (all dv uốn nhuộm),2023-11-09,2029-12-31,103 TN,6,Member,,,,,,,,,,,,,,
(2669) [Shine Member] Giảm 20% Uốn Nhuộm cho lần sau (all dv uốn nhuộm),2023-11-09,2029-12-31,1146 KVC,1,Member,,,,,,,,,,,,,,
(2669) [Shine Member] Giảm 20% Uốn Nhuộm cho lần sau (all dv uốn nhuộm),2023-11-09,2029-12-31,116 TK,3,Member,,,,,,,,,,,,,,
(2669) [Shine Member] Giảm 20% Uốn Nhuộm cho lần sau (all dv uốn nhuộm),2023-11-09,2029-12-31,1180 QT,1,Member,,,,,,,,,,,,,,
(2669) [Shine Member] Giảm 20% Uốn Nhuộm cho lần sau (all dv uốn nhuộm),2023-11-09,2029-12-31,145 THT,4,Member,,,,,,,,,,,,,,
(2669) [Shine Member] Giảm 20% Uốn Nhuộm cho lần sau (all dv uốn nhuộm),2023-11-09,2029-12-31,186 DTH,5,Member,,,,,,,,,,,,,,
(2669) [Shine Member] Giảm 20% Uốn Nhuộm cho lần sau (all dv uốn nhuộm),2023-11-09,2029-12-31,237 NTT,10,Member,,,,,,,,,,,,,,
(2669) [Shine Member] Giảm 20% Uốn Nhuộm cho lần sau (all dv uốn nhuộm),2023-11-09,2029-12-31,25 TD,4,Member,,,,,,,,,,,,,,
(2669) [Shine Member] Giảm 20% Uốn Nhuộm cho lần sau (all dv uốn nhuộm),2023-11-09,2029-12-31,29 HB,2,Member,,,,,,,,,,,,,,
(2669) [Shine Member] Giảm 20% Uốn Nhuộm cho lần sau (all dv uốn nhuộm),2023-11-09,2029-12-31,312 LVS,1,Member,,,,,,,,,,,,,,
(2669) [Shine Member] Giảm 20% Uốn Nhuộm cho lần sau (all dv uốn nhuộm),2023-11-09,2029-12-31,32 NAT,1,Member,,,,,,,,,,,,,,
(2669) [Shine Member] Giảm 20% Uốn Nhuộm cho lần sau (all dv uốn nhuộm),2023-11-09,2029-12-31,341 XVNT,1,Member,,,,,,,,,,,,,,
(2669) [Shine Member] Giảm 20% Uốn Nhuộm cho lần sau (all dv uốn nhuộm),2023-11-09,2029-12-31,346 KT,1,Member,,,,,,,,,,,,,,
(2669) [Shine Member] Giảm 20% Uốn Nhuộm cho lần sau (all dv uốn nhuộm),2023-11-09,2029-12-31,363 LNQ TN,1,Member,,,,,,,,,,,,,,
(2669) [Shine Member] Giảm 20% Uốn Nhuộm cho lần sau (all dv uốn nhuộm),2023-11-09,2029-12-31,382 NT,8,Member,,,,,,,,,,,,,,
(2669) [Shine Member] Giảm 20% Uốn Nhuộm cho lần sau (all dv uốn nhuộm),2023-11-09,2029-12-31,7 DTP LA,1,Member,,,,,,,,,,,,,,
(2669) [Shine Member] Giảm 20% Uốn Nhuộm cho lần sau (all dv uốn nhuộm),2023-11-09,2029-12-31,76 PVH,1,Member,,,,,,,,,,,,,,
(2669) [Shine Member] Giảm 20% Uốn Nhuộm cho lần sau (all dv uốn nhuộm),2023-11-09,2029-12-31,8 CVL,2,Member,,,,,,,,,,,,,,
(2669) [Shine Member] Giảm 20% Uốn Nhuộm cho lần sau (all dv uốn nhuộm),2023-11-09,2029-12-31,80 TP TH,1,Member,,,,,,,,,,,,,,
(2669) [Shine Member] Giảm 20% Uốn Nhuộm cho lần sau (all dv uốn nhuộm),2023-11-09,2029-12-31,90 NH,2,Member,,,,,,,,,,,,,,
(2669) [Shine Member] Giảm 20% Uốn Nhuộm cho lần sau (all dv uốn nhuộm),2023-11-09,2029-12-31,99 TSN,3,Member,,,,,,,,,,,,,,